Account id,Customer id,Account Type,balance
ACC_C0LWB5VA,CUST_X4RE6T51,CURRENT,17979.98
ACC_1TPBLTK3,CUST_96648XF8,CREDIT,174554.64
ACC_Q3FSA0BV,CUST_RBCTV81N,SAVINGS,183555.66
ACC_CH3TWEJG,CUST_C1LRG9C2,CREDIT,44330.32
ACC_5Y7D5IFV,CUST_T0BKUJXP,CURRENT,36023.43
ACC_PENA5S7X,CUST_8TKZMKCP,CREDIT,29115.9
ACC_FLL8AWN1,CUST_E169CUJS,CURRENT,314142.88
ACC_ML50K0MK,CUST_7X9X3FTL,CREDIT,185651.15
ACC_VDQWY7BK,CUST_OZH3GMOS,SAVINGS,260923.68
ACC_8Y82DVQW,CUST_XK9GVU7Z,SAVINGS,486731.27
ACC_18XX4KF5,CUST_LKCXX8MX,CREDIT,280819.27
ACC_L65NJ4L4,CUST_M7MCXHHR,CREDIT,98415.4
ACC_84ON285I,CUST_X7IQ7DCU,CURRENT,217756.06
ACC_256WZYFS,CUST_KRH598KH,CURRENT,89289.76
ACC_MTDCAQW1,CUST_HD50T5LS,CREDIT,105759.32
ACC_MXZCP3B5,CUST_HSJTTDXN,CREDIT,4481.9
ACC_JD47JKUH,CUST_01VD9OMI,SAVINGS,279257.99
ACC_HJ97BP14,CUST_5TGYXR45,CURRENT,22805.41
ACC_IQ8LS6X0,CUST_VLLCFW68,SAVINGS,262050.16
ACC_UW6IFT3Y,CUST_M3H9ZKA5,CREDIT,5601.88
ACC_TOY6857A,CUST_X8ISHC4Z,CURRENT,188706.93
ACC_TS1WFGRI,CUST_AHQ37NRK,CREDIT,348145.04
ACC_QW3CKN6B,CUST_9DRXD5KL,CURRENT,405984.98
ACC_KFOZRTBR,CUST_OGPWE8CS,SAVINGS,340021.75
ACC_AKMZOBJL,CUST_YKEGU3IR,CURRENT,456644.85
ACC_KQ8MHG97,CUST_LJ7E0QRB,SAVINGS,382911.01
ACC_KVOT1BMG,CUST_VCWAGWXC,CURRENT,447862.38
ACC_TO1Z1V8N,CUST_CLP9ZMBQ,SAVINGS,411792.67
ACC_5FPITR17,CUST_JQ9H6WUX,CURRENT,390804.65
ACC_OJFIQZMI,CUST_FHJOHDQ5,CREDIT,472558.83
ACC_WQHRW6JC,CUST_3S99QFIZ,CURRENT,152023.98
ACC_PA5VRXYZ,CUST_TBAYTMJW,CURRENT,294423.76
ACC_R1J1NJV4,CUST_RGNYUATI,SAVINGS,37277.69
ACC_EP2JGUPQ,CUST_H4UXNQOZ,SAVINGS,302230
ACC_MBTMY403,CUST_2HQ1MN3P,CURRENT,343066.23
ACC_JV33NWIJ,CUST_S6NT31QL,CREDIT,327790.39
ACC_VA8IRGGB,CUST_DKSQML17,CURRENT,94546.78
ACC_NU7FG3V4,CUST_20W2I1WZ,CREDIT,394490.73
ACC_I4C87Z3A,CUST_0IG5XG7N,CREDIT,422262.82
ACC_IPMF4PLN,CUST_RYFY1Y2L,CURRENT,256403.26
ACC_70918CXD,CUST_SGWVZUBT,CURRENT,108275.62
ACC_A43ZVHNF,CUST_PFLBQMAT,CURRENT,416164.17
ACC_L3Q8F5ON,CUST_8J2BNOGS,CURRENT,165426.95
ACC_LETZ9PWH,CUST_PKUBGZJN,CURRENT,345820.14
ACC_HMKFKMTM,CUST_X5B8IMTU,SAVINGS,272129.62
ACC_H6Z6BWMZ,CUST_4EPB3ETP,SAVINGS,369339.79
ACC_5PHGS78Q,CUST_P9SGUVV2,CURRENT,283207.76
ACC_REG3M6AZ,CUST_7AREOPMM,CREDIT,159707.08
ACC_X8PBWUB4,CUST_84S3FPKA,SAVINGS,21487.32
ACC_3EJSU3KE,CUST_1T7LGLS6,CREDIT,407546.22
ACC_2GPVJGRP,CUST_PNA6TBNM,CURRENT,397295.67
ACC_4BDN5D48,CUST_8R6KCPPB,CURRENT,301671.18
ACC_K1CCB25V,CUST_ZB20EYJT,CREDIT,202903.74
ACC_BIHP1PMU,CUST_WW6VE6D7,CREDIT,289478.56
ACC_1VTLAPJX,CUST_LI5MA8GR,SAVINGS,478640.93
ACC_KQLLRK7Y,CUST_7O2GG0T7,SAVINGS,288450.27
ACC_BVK0UCR7,CUST_6151A6JM,CURRENT,27808.31
ACC_BOVKYX7N,CUST_78M18B1H,CREDIT,473545.51
ACC_86D9GDOC,CUST_CP2FEBMR,SAVINGS,313904.33
ACC_DFPOM58L,CUST_QEGQIJJ1,CURRENT,445785
ACC_UBMAFG65,CUST_K6KYLB34,CURRENT,83451.76
ACC_AUAO98OL,CUST_TVLHEIEK,SAVINGS,199296.55
ACC_HTMSP7CU,CUST_AT3F5A3G,CREDIT,360039.63
ACC_CMSNN3U3,CUST_CWRQ0I3O,CURRENT,300417.05
ACC_DNDKHPMR,CUST_9YO9688I,SAVINGS,317562.87
ACC_2YFB3NLK,CUST_3YHAMT2F,CURRENT,340966.63
ACC_RVJZB5TN,CUST_FI8XDMC9,CURRENT,95645.44
ACC_MDL1WUA9,CUST_6Q7YGLSQ,SAVINGS,269128.99
ACC_ZRO6G4ZE,CUST_ZF9JLQ8V,SAVINGS,220974.56
ACC_K33WSIYX,CUST_99384HR6,SAVINGS,182471.27
ACC_LSW5R5T6,CUST_G85JW2SI,CURRENT,183852.3
ACC_LS2N7ONP,CUST_BI4XQXX2,SAVINGS,499847.91
ACC_4ON31G8Q,CUST_Y5SNGFKL,CREDIT,298408.17
ACC_46Z4W5P6,CUST_VMEXUGL2,CREDIT,440789.15
ACC_13PMUSD2,CUST_FGAT2DH0,CREDIT,36115.81
ACC_Z7FE7BVB,CUST_N0SRHFAL,SAVINGS,428826.14
ACC_C65YMK2P,CUST_67JMZSE7,CREDIT,309069.06
ACC_DBV4YOYV,CUST_EG2L862L,CREDIT,332945.47
ACC_5ZP23BWN,CUST_VLQEF926,SAVINGS,32893.24
ACC_WFS600EY,CUST_386ROMTA,SAVINGS,205421.5
ACC_TB72N76T,CUST_FCF3WCJD,CURRENT,187506.71
ACC_0WXPCT60,CUST_9N1VVUUN,CURRENT,123142.62
ACC_GXDODAJS,CUST_IRLWSTUG,SAVINGS,432681.53
ACC_59ALMLE4,CUST_6XXZJVHB,CREDIT,253884.07
ACC_ZH79N3F5,CUST_LW37CTCE,CREDIT,294983.2
ACC_SJMC7O0B,CUST_5Q018NVQ,SAVINGS,80304.93
ACC_RN7FFOI3,CUST_8T5OQ0E5,CURRENT,438466.35
ACC_VR6EZRYF,CUST_7HE1TAVX,CREDIT,280861.76
ACC_9MWSAIMO,CUST_HHX0FJC3,SAVINGS,224482.82
ACC_ZB2VO473,CUST_2P4W4N02,SAVINGS,478650.57
ACC_ON9QX5NX,CUST_K4B4LQN2,CREDIT,206261
ACC_2Z1NEU52,CUST_7KLESEE1,CREDIT,257726.68
ACC_R7U6KIWA,CUST_9POAZ2V7,CURRENT,371629.24
ACC_7UKK5N7N,CUST_IJRSLJQD,SAVINGS,263839.15
ACC_HWB8B2X9,CUST_DU3KCWAN,CREDIT,18551.33
ACC_RTG46SWM,CUST_XKV72BNQ,SAVINGS,493714.88
ACC_U5K14RKR,CUST_XHD3JB03,CURRENT,274441.77
ACC_UXVVKQU3,CUST_5T3VMOYA,CREDIT,273400.56
ACC_8K98AVBY,CUST_4T44QQWA,CURRENT,214302.39
ACC_2Q9SROMG,CUST_WL75MAS2,CREDIT,332006.42
ACC_9I8JUP1B,CUST_SNLF4A2P,SAVINGS,96897.25
ACC_P476SR8V,CUST_XXGJLYAK,SAVINGS,155112.48
ACC_V1LA7TF5,CUST_NA21EQA3,CREDIT,334230.71
ACC_C549I3T9,CUST_4SDQKFIK,CREDIT,26661.31
ACC_KIQX37BA,CUST_B8ZMW1IL,CREDIT,489875.82
ACC_GET23O0Q,CUST_EYTFPNXG,SAVINGS,293831.14
ACC_8HWRD8Z2,CUST_VFWZG06P,CURRENT,428753.06
ACC_ILE12GOG,CUST_666JAQLX,CREDIT,176819.73
ACC_V6QSUWNG,CUST_6Z8JOS8Y,CREDIT,332654.37
ACC_JOYJQZUM,CUST_5GR8VTKL,CREDIT,282637.97
ACC_HAGZ8QIM,CUST_BVZE0QSU,SAVINGS,408949.62
ACC_69DO4IXH,CUST_UZPXZ3KP,CREDIT,296370.21
ACC_OEBK7975,CUST_GWJFWFL1,SAVINGS,255114.44
ACC_QKZ2H6KI,CUST_DMFXYKMD,CREDIT,401938.86
ACC_ICRVMXT9,CUST_O4EOU2VL,CURRENT,415079.96
ACC_JVV0PZJ7,CUST_4LZVLU8U,CREDIT,218112.3
ACC_0N5G2DPO,CUST_CNTWIYEL,CURRENT,314061.17
ACC_GFYRLHOC,CUST_WXKI5VX8,SAVINGS,164038.83
ACC_VKTIGBLK,CUST_GJE15P3E,CREDIT,25146.9
ACC_49DL9Q75,CUST_URA8WIX5,CURRENT,412158.38
ACC_WXPJE9HX,CUST_RDDD1C3B,CREDIT,355281.53
ACC_OLN73TKY,CUST_T5UAPV9V,CURRENT,95146.22
ACC_794437OX,CUST_JNP08MJE,CURRENT,409038.65
ACC_56XEXYR1,CUST_6FH4ABSC,CURRENT,302013.58
ACC_R1EMXY31,CUST_SC4V0X8F,SAVINGS,60313.73
ACC_STX1S26O,CUST_5T36VS3W,CURRENT,482411.76
ACC_5R8D36OQ,CUST_KLET4HQJ,CREDIT,262162.98
ACC_OG65DAGH,CUST_GZUAQ02X,CURRENT,118358.71
ACC_9A5LD8MT,CUST_VHH6L84F,CREDIT,256562.29
ACC_5MBVZXWK,CUST_SNGESIB6,CURRENT,496657.8
ACC_HFW5GXBA,CUST_1MBLOEWI,CREDIT,345193.52
ACC_B6K6UKS9,CUST_DZUTZW4P,CURRENT,140799.94
ACC_04HGYBK8,CUST_3IVPX87C,CURRENT,222407.99
ACC_59CU08XT,CUST_DFP040Q3,CURRENT,372160.79
ACC_IYROH5ZQ,CUST_2QAA5NGU,SAVINGS,416349
ACC_4NH3NWZU,CUST_DSKEJ0QZ,SAVINGS,6003.04
ACC_R2HTBGBM,CUST_A1R1FZO4,CREDIT,21657.18
ACC_DEP1R6B6,CUST_QMRV9YRO,SAVINGS,450176.8
ACC_IECQS94I,CUST_M5IVK7OV,CREDIT,51778.99
ACC_YQJFOORY,CUST_VX0ZMHI4,CURRENT,40993.55
ACC_SLY8QIKC,CUST_A8OUZH9F,SAVINGS,406331.39
ACC_6KCZ2GY3,CUST_8XOBJ3IF,CURRENT,466832.62
ACC_7ZHGPBK9,CUST_EJFZ4CU1,CREDIT,318978.08
ACC_ZVPMH1HQ,CUST_7CPPTZUL,CURRENT,143336.09
ACC_NXYQDIH9,CUST_D3XC4WFV,SAVINGS,291276.84
ACC_UDTOWCMV,CUST_OGJUQBO9,CREDIT,478300.02
ACC_WU2G9C0U,CUST_G2O70GCY,CURRENT,70712.28
ACC_AGGK7FOQ,CUST_5XL7YMSJ,CURRENT,420881.24
ACC_K5VL7U13,CUST_FV76YGLK,CREDIT,161666.72
ACC_S0P6VDQV,CUST_7OY1CSQO,CURRENT,81388.05
ACC_K1RVLC8M,CUST_5J05SFA5,CREDIT,137213
ACC_W01466ZS,CUST_RTX3EB0S,CREDIT,23927.65
ACC_ABX79ZCW,CUST_SHS6L9OT,CREDIT,247333.89
ACC_9MYJIRY2,CUST_EZWI7I9B,CREDIT,18646.93
ACC_LGUTU6QT,CUST_JZES2HEB,CREDIT,364675.25
ACC_BGNT4AKV,CUST_7V9F0OYH,CREDIT,24684.54
ACC_EE8HAKSJ,CUST_2SLQ12GK,SAVINGS,52605.83
ACC_RDWAROEL,CUST_OJM3GUSA,CURRENT,493503.74
ACC_4RQA92L3,CUST_YQ20M64Y,CURRENT,224594.19
ACC_GVWMPILR,CUST_7CV4TLEM,SAVINGS,279777.4
ACC_S19VKZ6U,CUST_0YWJL1JQ,CURRENT,205376.97
ACC_B363HMVY,CUST_GB2M236V,CURRENT,90460.94
ACC_4T5YF573,CUST_CF3RKFX1,SAVINGS,156719.16
ACC_GMW74GBG,CUST_1N21LV84,CREDIT,192468.39
ACC_YCHD54MO,CUST_0RSO9U79,SAVINGS,257684.38
ACC_65QVPGYP,CUST_HVGWGF4G,CURRENT,158449.46
ACC_1NTLIDPC,CUST_CPQAY2WM,CURRENT,381107.33
ACC_Z9B69FAV,CUST_0SH26KEU,CREDIT,56761.49
ACC_GRQ2BB7Y,CUST_2R4K72SM,CURRENT,379515.39
ACC_YOWWI4WJ,CUST_0UR5P9NZ,SAVINGS,133636.8
ACC_SZ1WA96B,CUST_LQAJ053D,CREDIT,474186.34
ACC_0DR4HE1U,CUST_P6G54C2F,CURRENT,384356.71
ACC_NX37WAZB,CUST_0STIFY7V,CREDIT,319214.3
ACC_UENT5XKA,CUST_I60RCXA9,SAVINGS,69669.68
ACC_DN4VRZRQ,CUST_EBR2Y2RW,SAVINGS,380269.13
ACC_EZTWYK2F,CUST_Y2V6QU2J,SAVINGS,7343.95
ACC_1CX3CL0N,CUST_5UTZP4SI,SAVINGS,420206.81
ACC_5ZJM1FYS,CUST_X8AH46SG,CREDIT,360384.12
ACC_IJ8Z7D7F,CUST_73COYQLR,CREDIT,277853.53
ACC_7V63FE33,CUST_JO0XJYYB,CURRENT,285326.7
ACC_UUNU8U78,CUST_HSSIRVRF,CURRENT,64553.09
ACC_JID3SYF5,CUST_KR6BCB3L,CURRENT,21038.71
ACC_VNELJ1CO,CUST_B5XD11WM,SAVINGS,288065.28
ACC_SPPR8W5F,CUST_D9TOUBX6,CREDIT,441532.14
ACC_S3J03B8Z,CUST_95WU4WY7,CURRENT,32216.4
ACC_A3P4C4QC,CUST_2BAP9O9L,SAVINGS,122217.21
ACC_798T4VCP,CUST_PXEBR0GZ,SAVINGS,444895.14
ACC_6JRBAUGR,CUST_P2OL8TM1,CURRENT,347748.86
ACC_ECUJ9S9C,CUST_SS8CKY1P,CREDIT,447281.7
ACC_7RQKRW9V,CUST_3JCMXU0B,CREDIT,333945.02
ACC_A1V82KOL,CUST_OUMP2XT0,CREDIT,496830.87
ACC_RAQBSA1Y,CUST_DG5HOECX,CURRENT,8030.88
ACC_G384OWWG,CUST_CVE7TYRP,CURRENT,26164.63
ACC_H1OAX9LP,CUST_KA4MUEPK,SAVINGS,412481.93
ACC_6E7AADP2,CUST_Y2N93ANC,SAVINGS,378285.97
ACC_SUN4Y8K9,CUST_YM1TLZNV,SAVINGS,306940.06
ACC_H6E5NE5A,CUST_MGVVTFXN,SAVINGS,255287.13
ACC_C0V5G8C0,CUST_CHD4JSAD,SAVINGS,318843.15
ACC_8H5P1VBR,CUST_E9RHQG5E,CURRENT,196707.76
ACC_PSXJJH0X,CUST_W5NLLYBY,CURRENT,68964.6
ACC_NORTT6AC,CUST_P51BP8XR,CURRENT,90692.29
ACC_NDX1NDX0,CUST_RF5XCQLQ,CREDIT,202910.63
ACC_WH9Z660K,CUST_XGCNRR32,CREDIT,185732.55
ACC_2LXTX8OL,CUST_X76J3ZI1,CURRENT,366086.15
ACC_C1JSS7SU,CUST_PA3Z0GLB,SAVINGS,473905.87
ACC_YBHMGK70,CUST_SBLQVDNA,CREDIT,84761.74
ACC_6J25B3PH,CUST_AGL8B0WA,CURRENT,80362.86
ACC_VVG5NB0B,CUST_A2E16F2P,SAVINGS,171779.4
ACC_6IL9JJBY,CUST_YZ3W2TDA,CURRENT,119488.13
ACC_6PT0R43J,CUST_UFX25B72,CURRENT,348138.68
ACC_PGSAWWD9,CUST_CF4RFRZX,CREDIT,446233.82
ACC_GE67I2MA,CUST_CYB3KY0R,CURRENT,245775.36
ACC_AMO6HGVS,CUST_8UW8MHII,SAVINGS,471553.46
ACC_KRU8SKXY,CUST_TVNXW09N,SAVINGS,18282.52
ACC_IDB5SXIU,CUST_HCVGYCU6,CREDIT,472935.83
ACC_3Y6TP0K8,CUST_5ZN1089F,CURRENT,349971.98
ACC_EK20I6Y8,CUST_ZXMRJWUW,CURRENT,97558.88
ACC_H2KDTHBC,CUST_HII7TCG5,SAVINGS,276460.85
ACC_MWR27YJW,CUST_KCLD0JWF,CURRENT,484548.43
ACC_P56D49HQ,CUST_AXJI7475,CREDIT,57867.15
ACC_VKS01YST,CUST_A2FKT5HS,SAVINGS,52930.42
ACC_Z4NHQJAO,CUST_TDO6ZBPW,CREDIT,431166.38
ACC_98J4E1PV,CUST_IUBD9JS1,CURRENT,128307.52
ACC_TMNFV9I3,CUST_BL2BGYZS,CURRENT,319370.36
ACC_PUHXZK7U,CUST_M4EK5ZFJ,CURRENT,189819.67
ACC_OB3TFRMO,CUST_658R562A,CURRENT,265190.76
ACC_2Y7UJJZE,CUST_GNX0NH62,SAVINGS,194586.21
ACC_X06DVP27,CUST_11GCI1YT,SAVINGS,151279.64
ACC_1Z6WM67W,CUST_E674VW3N,SAVINGS,24810.21
ACC_20SQY0A3,CUST_FOQY9HK9,SAVINGS,392947.54
ACC_V7L1PLE8,CUST_3J7OS8K6,CURRENT,49583.92
ACC_QBSFJ0RV,CUST_E29IBWLP,CREDIT,230687.22
ACC_EKLRVU3R,CUST_87IA9LQM,SAVINGS,201136.33
ACC_V6EHBXMX,CUST_GUZZALFH,SAVINGS,88304.67
ACC_FOH6UTFH,CUST_WSW9S5OH,CREDIT,91493.04
ACC_8D8XPPXX,CUST_J079DNQH,SAVINGS,68481.51
ACC_RFHQS2BC,CUST_ENI6LEW4,CURRENT,216885.71
ACC_RTD3OAA8,CUST_PG9XB6L7,CURRENT,201653.83
ACC_K6ASNZEK,CUST_MJ1VPYG3,CURRENT,309683.02
ACC_6AWFYV4O,CUST_NAF9NA38,SAVINGS,252023.89
ACC_HVORKPZZ,CUST_ZTORHKU4,CURRENT,184459.72
ACC_TO533GIE,CUST_UBP9HWPJ,CREDIT,49040.98
ACC_EPMPP67G,CUST_6JX0QQ9B,CURRENT,498662.57
ACC_RPPX8AYZ,CUST_CEQE7C9R,CREDIT,17155.22
ACC_L7V80V7L,CUST_L6GQWRE7,CREDIT,14269.3
ACC_4YOJLEP6,CUST_XRDW9VUR,SAVINGS,278678.14
ACC_L1FD9LKN,CUST_LUE6E5NT,CREDIT,102383.13
ACC_1TX0G7L1,CUST_AN2W1XQ7,SAVINGS,52677.21
ACC_IFU3MVMF,CUST_14DA3EHE,SAVINGS,485056.91
ACC_BYKQKBER,CUST_18PBPLGG,CURRENT,222104.79
ACC_MBVOXCLU,CUST_3MSTORTQ,CURRENT,499064.22
ACC_8L7K3OGH,CUST_QQG77P74,CURRENT,221552.26
ACC_0MPOL4SU,CUST_IE5SZIM2,SAVINGS,428681.68
ACC_JA3P60GQ,CUST_FVNZ823G,CURRENT,323423.95
ACC_ZO4H0EF9,CUST_17XS6L0R,SAVINGS,384474.57
ACC_D9B6ZU11,CUST_M0PDEETN,SAVINGS,365927.88
ACC_FGYLXR3Q,CUST_YL8J7F8S,SAVINGS,461193.19
ACC_VXA8EVS2,CUST_FGTEMERN,CREDIT,445404.96
ACC_NF9TMRYF,CUST_0LIVKD9V,CREDIT,230148.21
ACC_0BN6I5K6,CUST_SS499FDS,CURRENT,121840.49
ACC_8G37O2R1,CUST_OFW3ODU8,SAVINGS,75049.56
ACC_AL3KKFXC,CUST_YLLRBKCL,CURRENT,232801.92
ACC_WN1BCXKX,CUST_YKOTNRJG,SAVINGS,115108.16
ACC_VEG2QKPJ,CUST_G7B2LUZ4,SAVINGS,275174.59
ACC_5C3HD1WA,CUST_8HN01HV3,SAVINGS,55638.72
ACC_8Y6Z8FE6,CUST_WK6LR4KU,CURRENT,481445
ACC_JWXC9BE2,CUST_RO0KBR2Z,CURRENT,446377.51
ACC_J6GCM5VR,CUST_PDGYBYX2,SAVINGS,45762.94
ACC_IEHOBUAT,CUST_KNW7F3UV,CURRENT,470184.94
ACC_6WSEF8B2,CUST_CORMXXWS,SAVINGS,11944.37
ACC_4II28PPF,CUST_9HD0J1X6,CREDIT,174034.32
ACC_SAXQQ56U,CUST_FEPBHDIA,CREDIT,394888.08
ACC_YG3T8KE8,CUST_VIRXCR57,CURRENT,447123.16
ACC_MRWLRQZH,CUST_8KSNCQLF,CURRENT,133657.81
ACC_VWC5SKRL,CUST_2YFM3YY6,SAVINGS,260098.78
ACC_B532BSLP,CUST_ELP14MW4,CREDIT,94282.32
ACC_275J3OP3,CUST_M512FO5W,CURRENT,130110.4
ACC_M7YC44V7,CUST_7PBRFV8A,SAVINGS,387847.6
ACC_JMWZUQHS,CUST_BOHENKJ2,CURRENT,39770.07
ACC_ISPFAH4Y,CUST_B2VSS3K9,CREDIT,461931.4
ACC_81BLIZ3O,CUST_IRGF7Q4L,CURRENT,415603.42
ACC_6EBY5JKS,CUST_LNIM26XI,CURRENT,25662.51
ACC_MJUXBJ71,CUST_QNNKTU9P,SAVINGS,417754.81
ACC_FJMU9P7T,CUST_RJP8KA92,CURRENT,4784.07
ACC_BK4OEXW3,CUST_ZFJJYH8I,CURRENT,129560.12
ACC_T15WYQQF,CUST_TDUDU9BP,CURRENT,348408.15
ACC_VEY5BE04,CUST_MVCYVVCR,CREDIT,295237.63
ACC_T9GCJ83V,CUST_YQW0WVC5,CURRENT,77288.48
ACC_PXLHYOVA,CUST_CFKCO46V,SAVINGS,460787.58
ACC_SEC2OX56,CUST_1QOKLA34,CREDIT,139819.38
ACC_O79YE6A9,CUST_MQHGKOEH,CURRENT,94724.66
ACC_QXYQ4AOC,CUST_R68UXCYP,CURRENT,29071.93
ACC_R8LWP7T3,CUST_1JHQ75E5,CURRENT,73010.86
ACC_K1I18TIC,CUST_MD58FI71,CURRENT,36225.44
ACC_A0K5NL1C,CUST_GXGIU8MN,CREDIT,65162
ACC_PDBCI6G2,CUST_ZYO05C2N,CREDIT,481306.86
ACC_O5DIC2PV,CUST_ZH5BZT8E,SAVINGS,182096.68
ACC_M38SKJJC,CUST_K9HEXV6K,CREDIT,86608.26
ACC_LKSDVIQO,CUST_31EVH8O8,SAVINGS,376588.07
ACC_AL8GE7MC,CUST_G4XL6UN9,CREDIT,95274.49
ACC_7REQ0XWB,CUST_I8KCPMNO,CURRENT,96848.61
ACC_TXN3X6QJ,CUST_6MDVNMDL,SAVINGS,190072.37
ACC_ZCR3EW48,CUST_UXKVHI3T,CURRENT,497907.52
ACC_LLZ7055H,CUST_C5I92PK2,CURRENT,427676.85
ACC_QKGOEE04,CUST_U7730TFD,SAVINGS,49861.92
ACC_JFTWFLPZ,CUST_R3MC21KK,CREDIT,355556.69
ACC_IUL5TVSX,CUST_57WM6XHM,CURRENT,251409.64
ACC_R1MT5U90,CUST_Z8DLCKC8,SAVINGS,422335.81
ACC_5R05L164,CUST_AFJ8DK3T,CREDIT,79945.12
ACC_MO9YD7SJ,CUST_4HZNFE8N,CREDIT,274557.74
ACC_O7QCURVW,CUST_N42QB8ZR,CREDIT,272407.71
ACC_4JZR2ZZ9,CUST_9AIH3HQC,CURRENT,260843.94
ACC_SHL39LYS,CUST_FI5XD96J,CURRENT,212476.57
ACC_8RKV91YO,CUST_MS37VP76,SAVINGS,316590.99
ACC_MJD1IV4G,CUST_DXDZG45E,SAVINGS,155048.71
ACC_E5VXDBDI,CUST_848B3HR4,CURRENT,287478.48
ACC_DG2LFPX3,CUST_MRXTBS3V,SAVINGS,493059.84
ACC_H2QKREMC,CUST_FZ5T2XOV,SAVINGS,41635.88
ACC_YVQERCH2,CUST_DL6LWCUL,SAVINGS,58662.6
ACC_0J8S8AWJ,CUST_PBNA1TKQ,CURRENT,49484.13
ACC_MUQY7771,CUST_QX45LY64,SAVINGS,251499.86
ACC_JTX6761N,CUST_J78VVV2L,CREDIT,39663.58
ACC_8GEYFM5X,CUST_8X0N5GAZ,CURRENT,435801.32
ACC_6N2NAJYN,CUST_HHZPHC5D,CURRENT,432477.76
ACC_378JT6OW,CUST_A2TBWZJH,CREDIT,191654.47
ACC_SGYHWSIR,CUST_CV349OSQ,SAVINGS,36936.52
ACC_12VWAZDP,CUST_Q6I7IUJE,SAVINGS,351335.35
ACC_BAWQAA78,CUST_6474XEDS,CREDIT,17407.28
ACC_C1M53QJP,CUST_PCC23WXY,CREDIT,385049.51
ACC_BMWUNU86,CUST_GW9CG8NO,SAVINGS,201513.26
ACC_8S1UT2N2,CUST_K6QOUNAT,SAVINGS,237168.26
ACC_6E0CGBXI,CUST_RJA3U0N3,CURRENT,330047.56
ACC_N5D0LF63,CUST_S8PAZC0W,SAVINGS,163654.66
ACC_UJVCY8DM,CUST_XXRBYXGS,SAVINGS,284323.97
ACC_VR1VY1US,CUST_45DOPNVL,CREDIT,479654.16
ACC_UZFVN7L3,CUST_EI6T6KVX,CURRENT,399491.14
ACC_HYE0QUNR,CUST_XD0RO9FE,CREDIT,401731.94
ACC_HYA8FTBG,CUST_E67G8IKI,SAVINGS,254925.5
ACC_KK3YRJ36,CUST_3Q5JS0VR,SAVINGS,173640.03
ACC_BK3KZBKT,CUST_URVQKK89,CREDIT,154861.89
ACC_MMF7CJS4,CUST_FATVFCUD,CURRENT,288315.13
ACC_A2NVBK6S,CUST_JWBZPBWW,SAVINGS,194787.78
ACC_DG41FGCT,CUST_PTOLH4DH,SAVINGS,301137.58
ACC_0Y3PM777,CUST_I4KMH6D7,SAVINGS,108611.48
ACC_ZTA3N0HV,CUST_62LCY9PH,CURRENT,230189.52
ACC_I2VOQL5B,CUST_F0U8PTRM,SAVINGS,71121.91
ACC_Y8K71ZVB,CUST_JHFGN7W3,CREDIT,316208.62
ACC_P6YHZQEF,CUST_W1687TDB,CREDIT,50860.85
ACC_SWNTJ194,CUST_7JHACGOX,CREDIT,84750.03
ACC_W2CWHO3T,CUST_PXWQ3QUF,SAVINGS,496708.17
ACC_PWDPQGFG,CUST_3MAK4WOT,SAVINGS,199386.76
ACC_HSEO9YLI,CUST_IQ1VGXOI,CREDIT,220661.59
ACC_6KFI6IFR,CUST_EFW7BVRR,CREDIT,171580.14
ACC_ZZMH5RQA,CUST_W0M43G67,SAVINGS,103142.06
ACC_IFWV4OR1,CUST_U8T80CUC,SAVINGS,179526.21
ACC_QMEO0GHD,CUST_W1170TL3,CREDIT,129950.17
ACC_JBMEXEWD,CUST_9APW7LDD,CURRENT,3019.07
ACC_F6H6B9OD,CUST_EABFX9E1,CURRENT,210552.05
ACC_ZSTP9A03,CUST_ATWT6IXQ,CURRENT,203039.88
ACC_6O254B6K,CUST_CQL1L2F7,SAVINGS,278656.47
ACC_P5OYWJP2,CUST_QWHZTEVQ,SAVINGS,217570.62
ACC_VXNL91LE,CUST_IQQMWT60,CREDIT,321064.67
ACC_ICBAYR1X,CUST_YYKWNY2S,CREDIT,164604.95
ACC_K73Y8ZIP,CUST_8NMJ7JYA,CURRENT,360051.17
ACC_VZQ6L613,CUST_ZCAUDTT3,CURRENT,366298.19
ACC_VF9FACDS,CUST_DS2SKYFO,CURRENT,460540.25
ACC_5364CN1D,CUST_ABEL13L6,CURRENT,355094.98
ACC_WDFUOMO7,CUST_O9ZJUI9B,CREDIT,300004.13
ACC_QKKWZD4U,CUST_K3HL8MII,CREDIT,411631.69
ACC_2N0OXEES,CUST_X5HEPN1M,CURRENT,153929.25
ACC_9WG9YMRE,CUST_CEKQXXPL,CREDIT,219733.4
ACC_3ZNJCUJU,CUST_C7612O3N,CURRENT,440768.99
ACC_V3J151FF,CUST_EAO69S3T,CREDIT,406013.75
ACC_B3WFY883,CUST_BQIA8OKE,CURRENT,320694.48
ACC_H6F2H3D3,CUST_FHF15O6B,CREDIT,360381.24
ACC_9H89UU2Z,CUST_4GO6T0ZQ,CURRENT,27454.79
ACC_XUTGLQU3,CUST_F3HANEBP,SAVINGS,378998.87
ACC_O4MUWVTH,CUST_IOP3SOFU,CREDIT,252736.17
ACC_NLELBEGI,CUST_86ZE2FJI,CREDIT,78578.56
ACC_L7WR0MF7,CUST_7GYI40QD,CREDIT,471888.36
ACC_BEHTZTW0,CUST_JB6KUFIY,CURRENT,300463.58
ACC_K4HSEKD8,CUST_QZHQK1S2,CURRENT,153010.1
ACC_2D40JPDJ,CUST_MFV801YF,CREDIT,260593.94
ACC_MGP9034N,CUST_UJA3CXRZ,CREDIT,365814.15
ACC_KWT87WES,CUST_5J41BC42,SAVINGS,247133.06
ACC_DJ3RJVVT,CUST_TONNJKX6,CREDIT,159238.69
ACC_MVC7HSFA,CUST_82VKD6U8,CREDIT,373949.99
ACC_KI02B0SD,CUST_W7SNQ57G,CURRENT,65320.87
ACC_AKY2QQMG,CUST_7HEM1LGT,CURRENT,62751.76
ACC_5A5QSHNB,CUST_U2LGMHPQ,CREDIT,482564.73
ACC_HB4RSEPI,CUST_XF025TWX,CURRENT,421236.77
ACC_DEAX6EYU,CUST_SBVKT8L7,CURRENT,19645.28
ACC_AL61TWSX,CUST_A16OKK5Z,CURRENT,231267.69
ACC_91R7J989,CUST_VD9Z5IY5,CURRENT,122980.45
ACC_DQIZMQBP,CUST_ZXFHTCJ2,CREDIT,226888.28
ACC_DEVLFB95,CUST_V7AE8YBI,SAVINGS,367215.91
ACC_EH9FVM4C,CUST_430LC4DG,SAVINGS,160355.03
ACC_K68EFX5E,CUST_20F1KOP1,CREDIT,433406.69
ACC_TFG613GX,CUST_0UMBZ8MV,CREDIT,315906.77
ACC_1YWPPV8N,CUST_AMS50BRJ,CURRENT,304105.83
ACC_PNBBZ6W0,CUST_C1M1Q1MA,CURRENT,44542.86
ACC_HIF8JGHL,CUST_XO2BBFSL,CURRENT,115524.03
ACC_A5FVGBHK,CUST_C5NAHRH5,CURRENT,74866.63
ACC_X6AXP73S,CUST_RDW8L0VD,SAVINGS,444690.86
ACC_5T1YBQYO,CUST_NAP4RZ6Y,CURRENT,48876.83
ACC_DQZGSPDJ,CUST_R1V3HR2I,CREDIT,469226.73
ACC_PGA8YX2E,CUST_VZJI9B6D,SAVINGS,190146.14
ACC_RLBG8PWM,CUST_9D76GS6D,SAVINGS,493855.7
ACC_KOSHPEKM,CUST_RHN8QOBL,CURRENT,274979.87
ACC_N9O9H6F8,CUST_SJ5FP3WS,CREDIT,154637.97
ACC_KLRY0G84,CUST_PUBLSPL4,CREDIT,29529.7
ACC_Z6VQ9PYV,CUST_2KDIAMIW,CREDIT,72540.33
ACC_CDPWD48F,CUST_0IAQ2PRT,CURRENT,226359.53
ACC_7LDPGBCV,CUST_N6TKRZ0N,SAVINGS,59504.99
ACC_C6LGDHRP,CUST_7SCXK31M,CREDIT,76062.33
ACC_UC8XI2X9,CUST_BDWS8U7T,CURRENT,208285.95
ACC_EC05NDWF,CUST_09OECTWZ,CREDIT,413194.48
ACC_KNCSY1QO,CUST_JFB25W2V,CURRENT,448184.13
ACC_XM7HRY4B,CUST_0MTYHQKG,CURRENT,435389.76
ACC_WIYQK5YY,CUST_94DCRSKV,SAVINGS,107507.46
ACC_07IV0LGM,CUST_QNR8PV6A,SAVINGS,492798.02
ACC_6JCPYBRB,CUST_6A8H9NV8,CREDIT,123741.67
ACC_HBUM9RZL,CUST_O5YPKRWB,SAVINGS,174432.49
ACC_1WFXGGMZ,CUST_IGO6WKZV,CREDIT,18174.16
ACC_99SPBGEF,CUST_16RLZ8FJ,CURRENT,115138.16
ACC_7RAV6BH2,CUST_Y1KH5I8H,CURRENT,482455.12
ACC_ZX86I14Q,CUST_GD95834B,CREDIT,131396.37
ACC_1QGYKSOS,CUST_INDLRFAM,CREDIT,458504.45
ACC_MPMACIN5,CUST_3Y0JWO3L,CREDIT,50271.93
ACC_CFB1ZCSQ,CUST_YIFFOV2C,SAVINGS,99026.94
ACC_8APJZAG8,CUST_VUXX5USH,SAVINGS,77029.68
ACC_RFJEA192,CUST_3Q1VI9FL,CURRENT,178009.81
ACC_VZAYC2PS,CUST_UVQYMRU2,CURRENT,2474.93
ACC_QGXXIQFY,CUST_8FPQO4DH,CREDIT,138700.16
ACC_CH6ESSD5,CUST_E0TXLIRI,SAVINGS,486807.71
ACC_DX2DUHKV,CUST_4J03EEZR,CREDIT,276314.83
ACC_UOUTABWX,CUST_FOLJ0GBS,CURRENT,412137.16
ACC_5OO8I539,CUST_030LC9LW,CURRENT,239205.17
ACC_4EKEXYT8,CUST_87S6YSAD,CURRENT,277234.16
ACC_M2W9FOFL,CUST_5KGNOUYL,SAVINGS,153196.02
ACC_M6CD12EH,CUST_ISD02XWP,CURRENT,144023.26
ACC_JUFBZBYV,CUST_FE5LRB2S,SAVINGS,377265.12
ACC_OUJWX823,CUST_BFRZLG82,CURRENT,169794.35
ACC_OD8GERZ8,CUST_9FQ0DWB3,CREDIT,395622.79
ACC_0UIKZNY9,CUST_36S6K64W,SAVINGS,320781.99
ACC_2XUNYEW0,CUST_9G5LGG3B,SAVINGS,301534.2
ACC_3V2CZG6K,CUST_DX1WGIUO,CREDIT,122777.74
ACC_IZVU13LV,CUST_DL6M8KPP,SAVINGS,489482.46
ACC_DUKFDMYA,CUST_6SVZNGKH,CREDIT,166494.08
ACC_MF4OEBKQ,CUST_XCT7S6A3,SAVINGS,143965.08
ACC_FNFL8OCQ,CUST_CR6B44Z3,SAVINGS,189097.72
ACC_WXUPXWPP,CUST_HUAA582V,SAVINGS,75910.78
ACC_K4YWNDBW,CUST_MDYH9AGK,SAVINGS,140167.56
ACC_5BFWK145,CUST_OACCGGGJ,CURRENT,420718.01
ACC_H4S6AABV,CUST_V59PU8I6,CURRENT,138577.23
ACC_0C7EIE8R,CUST_1DXF97ZF,SAVINGS,412612.83
ACC_0EN3740D,CUST_KF40100K,CREDIT,104477.13
ACC_K6VRGJDQ,CUST_DRY1QMPF,CURRENT,59853.76
ACC_GJVUNODG,CUST_4PJLTIQ6,CURRENT,23148.68
ACC_16ED9NB1,CUST_OOIIE1AA,SAVINGS,232306.96
ACC_WXYA3IF6,CUST_VBSXLJ8T,SAVINGS,473698.06
ACC_BFNX9WZ6,CUST_AOUL0PYN,CURRENT,467448.96
ACC_W1YYMTFP,CUST_8GQ9UHIG,SAVINGS,254260.93
ACC_XGF36K4B,CUST_733MDGHN,SAVINGS,378735.09
ACC_HNDGIAL6,CUST_ZILXHDLQ,SAVINGS,401862.4
ACC_9RXTOZ3Q,CUST_JKLQMT8B,CREDIT,424747.05
ACC_BPD61PVD,CUST_YVFIVJL8,CURRENT,423855.41
ACC_AGS6H5RT,CUST_6A7VJ17H,CREDIT,455398.01
ACC_V8CBAH8R,CUST_3WMNKLBG,CREDIT,389607.74
ACC_E956W2NM,CUST_NHJULZFB,CREDIT,171391.09
ACC_KI65LKTE,CUST_HV85YKMP,CREDIT,350729.68
ACC_RP8XCB2I,CUST_JWCMN9FM,CURRENT,169575.61
ACC_AAZWQFB7,CUST_XST965M9,CURRENT,42223
ACC_XYMPT7KO,CUST_6LK3N0UQ,SAVINGS,462627.86
ACC_RVQ8XB1F,CUST_PECZAX3D,SAVINGS,392512.63
ACC_LOE4WA8G,CUST_C0FZ1W30,CREDIT,452053.28
ACC_UHIUWPKB,CUST_30B7LEX7,CURRENT,411760.04
ACC_H958CANV,CUST_AH66W3XR,CREDIT,320326.13
ACC_322Q5QW1,CUST_71F13HI3,CREDIT,389491.94
ACC_7UZBBT7F,CUST_FQHRJI1Z,CREDIT,270691.72
ACC_M1BAG91A,CUST_I1ZPGD9J,SAVINGS,353190.5
ACC_4FB4N5P7,CUST_41R71VEL,CREDIT,464618.26
ACC_1ZJY4SGY,CUST_RLVRFXQH,CURRENT,88573.17
ACC_GW78VT9W,CUST_VRULPG9Z,CURRENT,332829.01
ACC_2UKJD7QU,CUST_WD6YTE4Q,SAVINGS,135614.89
ACC_Z2F1W2S8,CUST_2CE5YSHW,CREDIT,378954.1
ACC_QL633EA3,CUST_HC9ZJ7EF,CURRENT,83644.75
ACC_9W891AHI,CUST_F1YMQNE8,CREDIT,76001.01
ACC_WT7O49NZ,CUST_UO6F7Z0I,SAVINGS,58532.21
ACC_N0S4FWWK,CUST_JXJZB1MS,CREDIT,376711.92
ACC_2BCZ716E,CUST_W2EWPO26,CREDIT,172849.94
ACC_A06QQPAB,CUST_NL4TNMYJ,CURRENT,109673.79
ACC_R3ML1RJK,CUST_BVECA534,CREDIT,162390.88
ACC_1XWI2G42,CUST_4TOEI9N5,SAVINGS,420422.88
ACC_TZSRCSJC,CUST_TEA1JOWO,CURRENT,122952.74
ACC_AW5LBRMN,CUST_GGDXA8R1,CREDIT,368711.33
ACC_138CV2KT,CUST_NPHT27CU,CURRENT,184552.55
ACC_0P9ROPD6,CUST_5YC4N9G6,CREDIT,23299.02
ACC_QUG2FOY6,CUST_A4MVQRRI,CREDIT,241456
ACC_ZZ21564Y,CUST_SUNW9UBV,SAVINGS,366856.34
ACC_0WNCQQC6,CUST_N9E764L8,CREDIT,421846.38
ACC_BJMC14A5,CUST_CDPRF405,CREDIT,377132.14
ACC_0YP25E3R,CUST_X632YVQA,CREDIT,235486.22
ACC_XNN22CS8,CUST_KITSNGVK,CREDIT,343388.25
ACC_7LWEMOKJ,CUST_VO4FD7FD,SAVINGS,184268.57
ACC_Z7J8S5LQ,CUST_EQTE983F,SAVINGS,119132.81
ACC_B9YRQKYZ,CUST_43W3E7GY,SAVINGS,64976.98
ACC_37SWYFIA,CUST_41VBK2E5,CURRENT,80464.87
ACC_QEW4AW88,CUST_WEW0FLFS,SAVINGS,155199.3
ACC_EMEL6H0M,CUST_38T1G7R3,CURRENT,185759.23
ACC_EISGZ089,CUST_KUMNXB4I,SAVINGS,375850.75
ACC_XCKJ9A31,CUST_RUN57FWF,CREDIT,25308.49
ACC_XIMYBVQE,CUST_4BIX5YEO,SAVINGS,274266.69
ACC_LWTY72G9,CUST_DIOZMWLX,SAVINGS,457648.86
ACC_4GAOVYCQ,CUST_W6U10ITY,CREDIT,1339.02
ACC_NXJD6XSG,CUST_IOKPI8YM,CREDIT,15020.45
ACC_6NCGBG1O,CUST_YSSA8PVO,CREDIT,485725.72
ACC_JAPUIRSO,CUST_L0VJ8QUT,CREDIT,163414.29
ACC_OUL067DN,CUST_I59UGY1R,CREDIT,418256.22
ACC_ROXIUWIJ,CUST_84YGFJPX,SAVINGS,12744.14
ACC_GKEYQQYM,CUST_2A695UT5,CREDIT,457617.39
ACC_G2A5UILT,CUST_6NFX6LR5,CURRENT,80321.42
ACC_X0K6B57Q,CUST_XY4YO3M0,CURRENT,48405.71
ACC_EJRJTM53,CUST_48FVOH2Z,CURRENT,179221.83
ACC_SCUS48K7,CUST_SP38T6ML,CURRENT,174550.54
ACC_4Z8OTUXX,CUST_XRR45B84,SAVINGS,75574.6
ACC_6EI1VNEI,CUST_4UBYUUPX,CURRENT,246117.08
ACC_5KEL3RS7,CUST_CSX6ORUJ,CREDIT,225950.9
ACC_R2PCTGDR,CUST_090V74PF,CURRENT,51905.47
ACC_R776C9W6,CUST_2PJAODH2,CURRENT,254803.44
ACC_8AUIB009,CUST_RHXO9J3F,CREDIT,335755.22
ACC_39QFT7IC,CUST_1MY122FE,CREDIT,32291.95
ACC_CY0QZOAL,CUST_OAHH99AH,CREDIT,273237.96
ACC_YMKXU2FX,CUST_F2QQHM1X,CREDIT,315963.81
ACC_DKKQLXSK,CUST_RDOWSUAV,CURRENT,193253.76
ACC_5VB6KNDU,CUST_G4EDBRF8,CURRENT,457714.54
ACC_9Q5H7TES,CUST_WSN7O0IA,CREDIT,170334.21
ACC_ANBNLTAA,CUST_NJLC73ZL,CURRENT,56518.79
ACC_6PK8CPLH,CUST_PYS38VSQ,SAVINGS,204212.51
ACC_BXSF4N33,CUST_05JWHRTP,CREDIT,398962.37
ACC_MEI2Q2FY,CUST_DPSVA2LH,SAVINGS,491508.87
ACC_B1372FAZ,CUST_40ET5R83,SAVINGS,19491.48
ACC_2DP3GM4Z,CUST_RMSBOKQO,CURRENT,19564.02
ACC_LE2CJWKX,CUST_9QBUL6X0,CURRENT,159454.91
ACC_OTYQUA3Z,CUST_9XV5EL3H,CREDIT,189801.97
ACC_SFPXDX3B,CUST_SBRP34YU,CURRENT,438548.76
ACC_OKAYY6FD,CUST_FF6GJTNM,CREDIT,64051.16
ACC_XS7ZED1M,CUST_17BGSVJR,CREDIT,211990.76
ACC_EH7TNVG0,CUST_SA4KQD54,SAVINGS,448215.19
ACC_UL8IE513,CUST_C8XWBGZU,SAVINGS,190658.68
ACC_F7GZXKCR,CUST_YC76JFNL,CURRENT,415225.33
ACC_VIC8QWB8,CUST_R70A1RTR,CURRENT,314554.6
ACC_WLJZD560,CUST_0UOQ37MS,SAVINGS,318380.16
ACC_ZSX5EBEW,CUST_CTB1UG4H,CURRENT,407582
ACC_HMC2LOLC,CUST_HEOHG9HW,SAVINGS,476884.7
ACC_TB9HSPLE,CUST_CXDTP75U,CURRENT,434955.1
ACC_GFAZFDA9,CUST_WE7RUOI9,CREDIT,199366.55
ACC_LJ874STS,CUST_PCE8MX69,SAVINGS,403964.75
ACC_69979JRT,CUST_0CE87HTB,CURRENT,288298.53
ACC_AP5OEOH0,CUST_P4POHGCN,SAVINGS,218343.19
ACC_8B9GSXNJ,CUST_SDWX1HHU,SAVINGS,261597.19
ACC_OJ0XV7BH,CUST_DANWMDN8,CREDIT,258608.84
ACC_6HCSM0G2,CUST_PF7B3V41,CREDIT,491498.21
ACC_NJG5ZBTY,CUST_8ZG78ZV2,CURRENT,386042.75
ACC_LJZEB8IV,CUST_PYVLXZ5Y,CURRENT,195315.53
ACC_J3O3VF1U,CUST_R35MCYMT,CURRENT,123377.07
ACC_93Q8UKB0,CUST_S6OIGQA0,CURRENT,494249.38
ACC_QCFGU0VS,CUST_VYLDSXMX,CREDIT,466358.17
ACC_OO2VY8S5,CUST_I4ASA1DP,CURRENT,461058.55
ACC_52W03RPM,CUST_UVGFMMBE,CURRENT,34785.18
ACC_7JHDIMEZ,CUST_54N65WKS,SAVINGS,245348.59
ACC_SL011YQ7,CUST_0ONNQPXT,CURRENT,227338.81
ACC_QFODMDWC,CUST_K1CCZIEA,SAVINGS,267716.07
ACC_1XX3PFVU,CUST_ZIOM070D,SAVINGS,163057.62
ACC_ZMIZWCJ4,CUST_6OKLG0U3,CURRENT,496192.58
ACC_CC9NXQNZ,CUST_UW12CP06,CURRENT,197958.54
ACC_REFQ6QWZ,CUST_M6OHHKCR,SAVINGS,439263.6
ACC_W554PMTA,CUST_MP4PAS3C,SAVINGS,119310.57
ACC_CQNXHYRZ,CUST_9WG4CAGI,CURRENT,253654.25
ACC_3RAEN6K8,CUST_FG0O6XOH,SAVINGS,437731.86
ACC_G7450M60,CUST_FI9K7BJV,CREDIT,147251.57
ACC_22ICUV01,CUST_DM2I8EUT,SAVINGS,422381.66
ACC_CYYDNCDU,CUST_0HWKMEGA,CURRENT,2729.73
ACC_2KDCH6BL,CUST_X9SI8H8Y,CREDIT,124761.39
ACC_POZC0AR9,CUST_0SRXHJ1E,SAVINGS,271441.92
ACC_VM84KNBJ,CUST_K8MEV8GN,SAVINGS,73557.41
ACC_MOLQXU84,CUST_EQ897B2H,CREDIT,200251.44
ACC_CKM9Q0W5,CUST_URVDDMOW,CURRENT,139796.56
ACC_AY6AS1XL,CUST_PJV5AE48,SAVINGS,136638.46
ACC_PN4DNID5,CUST_7QW2PX5K,CREDIT,150876.86
ACC_JC2A61RV,CUST_XWV943YF,CREDIT,320478.92
ACC_11MEI1PM,CUST_W20C8X6Q,SAVINGS,148755.58
ACC_QUQ5BXLN,CUST_8RF8WXYD,CREDIT,454317.04
ACC_W07OTFNK,CUST_GDPUPMZK,SAVINGS,215537.19
ACC_8ML27HHM,CUST_KLZHQVTF,CURRENT,232686.01
ACC_8O3LW0P0,CUST_M9GUOTUA,CURRENT,196453.31
ACC_PK877B7G,CUST_88W9J3CV,CURRENT,383599.41
ACC_HLWA49F9,CUST_4SB735N7,CREDIT,55714.59
ACC_V1Y49BR1,CUST_RNB7RPNB,SAVINGS,195380.02
ACC_2GPLADDT,CUST_YN5UJ7J5,CREDIT,343302.33
ACC_L0TZQIGR,CUST_JNNL2T9V,CREDIT,36375.92
ACC_NC1D9HQU,CUST_O2X7PWU0,CURRENT,116451.32
ACC_0A8JOCRG,CUST_N5AW3SJE,CREDIT,204320.78
ACC_IC1YCA38,CUST_X3PPGLJ2,SAVINGS,30967.13
ACC_AATBA3TY,CUST_TEEWMMZY,CURRENT,482717.24
ACC_EGKZ2CKL,CUST_OJ1IXUG5,CREDIT,126864.56
ACC_2RMY6KN7,CUST_XD9GN0C6,SAVINGS,249643.04
ACC_YH4R6RW7,CUST_46AT30EE,CURRENT,406768.78
ACC_HYGHFZW3,CUST_10QOXDHB,CREDIT,101635.92
ACC_0X3MYK1V,CUST_QHYDI0S5,CREDIT,85791.18
ACC_R2LD6MWB,CUST_NWRO8YZS,SAVINGS,65386.08
ACC_VVZAQGKM,CUST_E5SURPE1,CURRENT,354676.31
ACC_2ISPABZ5,CUST_MFI9J6QV,SAVINGS,484751.75
ACC_D36PCO35,CUST_2DZW9VPE,CURRENT,280921.94
ACC_BUPN44DG,CUST_LP24M3CM,SAVINGS,407864.41
ACC_L3DKCFWT,CUST_PY0H1I8A,CREDIT,98620.89
ACC_Y7MD2PC0,CUST_7AZJI18N,CURRENT,128674.96
ACC_FQQ8VLQD,CUST_VURX40LI,SAVINGS,343034.06
ACC_PZPBGTCS,CUST_MPVJX045,SAVINGS,485951.07
ACC_BJWSP8RU,CUST_I4HEHNX1,SAVINGS,212043.45
ACC_85CZMG0R,CUST_767CW1WD,SAVINGS,492865.22
ACC_ODOBRK3C,CUST_4J9505RH,CURRENT,391026.26
ACC_9V7YUM15,CUST_P69R4DJQ,CURRENT,39734.82
ACC_Y4G657RP,CUST_MRTNVLEI,CREDIT,58166.07
ACC_WTWWD61B,CUST_6ZY11WRE,SAVINGS,17346.19
ACC_95A21H64,CUST_INKCDQUJ,CURRENT,145104.19
ACC_UX4EDQPX,CUST_SUMEYTWP,SAVINGS,367765
ACC_MA1W2I46,CUST_XKD9RB8G,SAVINGS,264327.96
ACC_L3QFOKTT,CUST_AOVWXECK,CURRENT,409684.86
ACC_OEOCLZ0T,CUST_2MA3G8O4,CREDIT,74076.88
ACC_H2DCPT7E,CUST_1TZ3A0E6,SAVINGS,440304.78
ACC_1QNOP9J6,CUST_BG0XNUY8,CURRENT,487965.48
ACC_BQF16VL6,CUST_X3OCOCIR,CREDIT,216107.77
ACC_BFGE0ANK,CUST_C98OJ3SH,CURRENT,214025.16
ACC_749S5VQH,CUST_4GWBBIW3,CURRENT,342690.4
ACC_6TY4L24H,CUST_JUCVTLH4,SAVINGS,327674.84
ACC_A8XQQQ30,CUST_VL0EY8JX,CURRENT,86195.85
ACC_PMRDHH1A,CUST_PES76DBL,CURRENT,264436.96
ACC_18LD1JVD,CUST_EOPZ9NB5,SAVINGS,93878.74
ACC_QM1EV9LX,CUST_GFJS9T99,CURRENT,81672.6
ACC_DL9232NJ,CUST_MIQB8J0U,CREDIT,86650.56
ACC_T8FZNFMJ,CUST_ZEX3CS42,SAVINGS,487338.76
ACC_9L66A3J2,CUST_XNZWJRU8,SAVINGS,186759.93
ACC_GZHEG6XO,CUST_GUUTYAG9,SAVINGS,395655.11
ACC_HNLO8YQY,CUST_HWUJQGSR,SAVINGS,3164.61
ACC_T5POVFB3,CUST_5YK47CD3,SAVINGS,184860.05
ACC_YCTFCAVS,CUST_293BVKLQ,SAVINGS,226841.19
ACC_UR5CNNBA,CUST_Z0NU6CX4,SAVINGS,325211.11
ACC_5IRMZT1J,CUST_DZ0AFXA3,CREDIT,390685.41
ACC_A6NOJ41E,CUST_C7OMMCGV,SAVINGS,195569.29
ACC_UT68WPHZ,CUST_O8V9V18V,CREDIT,412132.68
ACC_OBDUC3JQ,CUST_ZIV5XIWB,SAVINGS,471558.43
ACC_EB5M28DF,CUST_SYVGKCWY,CURRENT,381403.44
ACC_3CA7WQ1X,CUST_HFBTL7QB,SAVINGS,162708.48
ACC_ZYE0G6T0,CUST_03Z5BHVL,CURRENT,485513.62
ACC_FF9QM1TT,CUST_LVCHT4LR,SAVINGS,359822.7
ACC_8B2ROSHB,CUST_FUFAK21I,CURRENT,167857.49
ACC_WT7YYKL3,CUST_R1HV3HKH,SAVINGS,241578.42
ACC_L132EGVZ,CUST_ASL9DNVS,CURRENT,471339.74
ACC_6DLAGVWA,CUST_6QSXENM6,SAVINGS,151088.22
ACC_QDMIKJNK,CUST_MC205C1T,CURRENT,320885.09
ACC_V952XJLQ,CUST_3P91F3DW,SAVINGS,392599.48
ACC_6NOBDU58,CUST_URJ2NSUH,SAVINGS,246549.06
ACC_28NNJZT5,CUST_C4R3Q0JQ,SAVINGS,304638.22
ACC_GF3I427Y,CUST_HSBZYZ4V,CURRENT,70569.68
ACC_CA4AQHGI,CUST_U4D7LZLD,CREDIT,346725.68
ACC_5OE7RUSO,CUST_0YIHQROL,CURRENT,208905.49
ACC_2NQ0BV7Z,CUST_5RWBP8KP,CURRENT,473314.68
ACC_8NEHGT5R,CUST_7GCOW3VT,CREDIT,28082.64
ACC_IM3OANFR,CUST_QJHSWJO3,CREDIT,62965.58
ACC_3AOU7T4Y,CUST_KVNBLG88,CURRENT,246366.9
ACC_VQTE35H4,CUST_CXNSZXB7,CURRENT,438887.82
ACC_W284NRT1,CUST_FTT3ECWU,SAVINGS,302109.16
ACC_5H8TTJZ4,CUST_VGAZPO3N,CREDIT,106931
ACC_61DA8KP6,CUST_6Z9L6P8V,SAVINGS,342257.35
ACC_9M7HHFAS,CUST_KDN9ZRQ9,CURRENT,2442.06
ACC_BCYKXXBO,CUST_DBU4QHD6,CURRENT,2228.7
ACC_FS36RQHW,CUST_GTN50ECR,CURRENT,78886.36
ACC_JV0T5RG9,CUST_EVWE6KET,CREDIT,36278.9
ACC_HGPK1CNE,CUST_LWRICDMF,CURRENT,36835.61
ACC_Y8CS788O,CUST_WWWK4BSD,CURRENT,213257.31
ACC_TLUJUHEM,CUST_IDEPD0JV,SAVINGS,301798.07
ACC_6KDRV1WW,CUST_TEB404OP,SAVINGS,496377.67
ACC_POTGHRKQ,CUST_V6821JXE,SAVINGS,424203.26
ACC_CN3298PY,CUST_QHPZPOGB,CURRENT,367289.25
ACC_MCYB5XGG,CUST_GGZQL4TZ,CURRENT,287648.45
ACC_M53TZA6M,CUST_1RR73QMM,CREDIT,386056.35
ACC_Y1KNC2WT,CUST_CARTTNLI,CREDIT,277967.78
ACC_AU67NKGP,CUST_ICQ1RDXK,CURRENT,118447.94
ACC_61BVYM98,CUST_CWHM9E9Z,SAVINGS,333424.37
ACC_YEVMC61I,CUST_9SLR5TF2,CREDIT,60626.16
ACC_9SMQLED1,CUST_2R7N3459,CURRENT,290613.89
ACC_VDL411K4,CUST_KDYS5O1A,CURRENT,299700.39
ACC_S6L68YE0,CUST_RLUHWIDJ,CREDIT,133130.63
ACC_24GHETQU,CUST_G343EZ9M,CREDIT,83795.17
ACC_E5L8H0ZE,CUST_E83ST3Y6,CURRENT,139034.49
ACC_UB7BM26Z,CUST_6VUTNTZD,SAVINGS,471500.55
ACC_GJWA2Q7G,CUST_3NTARQN0,CREDIT,292444.86
ACC_WN3RQ0RE,CUST_RUTQCGVN,CURRENT,330688.17
ACC_O1Y8TNI0,CUST_5CMFCP42,SAVINGS,326904.38
ACC_NZXX6BJ4,CUST_ZXYPTTWM,CURRENT,51568.69
ACC_HJ2SNNSI,CUST_9QVAHCBJ,CURRENT,116990.01
ACC_61DAJTTT,CUST_U4PRLYEI,CURRENT,321423.77
ACC_O7JUO0AO,CUST_9ABEJMJW,CREDIT,316603.95
ACC_K0G7C181,CUST_0254VMHS,CREDIT,262815.53
ACC_OZT50R7W,CUST_0DIZRII9,CURRENT,314198.45
ACC_AVKW5N09,CUST_FVXWE310,SAVINGS,145806.51
ACC_OAWSLHJF,CUST_NFCKWKON,CREDIT,492122.74
ACC_X0AZRGK9,CUST_V3Y42UQH,CURRENT,85177.92
ACC_YVM9TKNX,CUST_6XU9R744,SAVINGS,23508.54
ACC_CYSV8Z5K,CUST_OVLGV3EE,SAVINGS,205861.93
ACC_I5XCNDMH,CUST_D18R1OHZ,SAVINGS,115494.11
ACC_S2TPMDK8,CUST_TH573AKT,SAVINGS,70827.74
ACC_3TJXHNEV,CUST_LI9N5V7I,CURRENT,194781.17
ACC_U59QKP5E,CUST_4DVU3GQZ,CURRENT,59244.27
ACC_OWCS92G7,CUST_CU23UJTA,CREDIT,284348.09
ACC_ZVPEOSJY,CUST_GJCRPXCG,CREDIT,399767.15
ACC_00N7LUQJ,CUST_WYG2Y8ZC,SAVINGS,2459.29
ACC_BLDMM5UA,CUST_JGLN7N94,CURRENT,347185.06
ACC_XMGETIEV,CUST_SFF9CEEH,CREDIT,209156.18
ACC_R6E3KGLR,CUST_553AWOV4,CREDIT,194632.5
ACC_8BP5AR7G,CUST_3VA6FZ58,SAVINGS,111001.75
ACC_LNESCZ18,CUST_1ITR3D5R,CURRENT,139980.33
ACC_KYIUIUVO,CUST_V647S4DG,CURRENT,421735.47
ACC_ZXU026L7,CUST_QKRQPF2I,CREDIT,386209.36
ACC_ZSH0AGYM,CUST_9AZ3DNA4,CURRENT,480882.13
ACC_NPD0D594,CUST_RJLU6MWS,SAVINGS,57997.24
ACC_28JMWE9I,CUST_2RDD2UWY,SAVINGS,238484.08
ACC_L6R9OVC6,CUST_V05X92IX,SAVINGS,176221.81
ACC_7K35VGUI,CUST_D7GET8HC,CREDIT,72670.05
ACC_Z8O8VREI,CUST_12GCU77Q,CURRENT,192433.22
ACC_Y4YDT7SJ,CUST_15GFK90N,SAVINGS,60370.05
ACC_Y7C5YJQO,CUST_E8PFIJFA,CURRENT,334509.33
ACC_HI1C3CUP,CUST_VH3VZQJ7,CREDIT,14644.9
ACC_XDR25T46,CUST_X8SNDLXT,SAVINGS,394999.9
ACC_O24D0WQ1,CUST_XVBP5K1X,CURRENT,405702.98
ACC_QKDQA5RK,CUST_X90L60GQ,CURRENT,272837.07
ACC_3YVT2UF8,CUST_Q8T3BQT2,CREDIT,341842.14
ACC_BIZU1NZB,CUST_AW1NQKZ7,CREDIT,446039.41
ACC_3AAPU6PD,CUST_VCK0RIZI,CURRENT,440572.7
ACC_SE0FYW5N,CUST_4GGN10ZM,SAVINGS,44170.83
ACC_DI5B265I,CUST_KBM2G9QI,CURRENT,7918.76
ACC_7JXC7EDF,CUST_9TRDMY6L,SAVINGS,469714.12
ACC_O78WFJ0E,CUST_NS9ALR4R,SAVINGS,428858.83
ACC_I4DBDCQ1,CUST_94ECB7VL,SAVINGS,456327.81
ACC_AEH4TPHQ,CUST_HVNAE01E,CREDIT,486441.04
ACC_0B6YPTZ6,CUST_PUCAL6TB,CREDIT,252471.07
ACC_72HXT7K0,CUST_BLU50UQQ,CREDIT,100884.88
ACC_GOSGJN6O,CUST_STFGSLQU,CREDIT,114362.16
ACC_P5H4E6DE,CUST_OOAUOAQ6,SAVINGS,439654.38
ACC_MP4R3YFM,CUST_NDMPJJU6,CURRENT,493742.87
ACC_S2K6TU69,CUST_J69YD33V,CREDIT,238101.75
ACC_6HK1BTYQ,CUST_63DABVWZ,CREDIT,80752.24
ACC_VPN7SMFB,CUST_PDI2FEOJ,CURRENT,242138.21
ACC_TSJAXS19,CUST_6JIP0JPO,SAVINGS,240421.13
ACC_1YMA556K,CUST_EDPE2H24,CREDIT,131422.17
ACC_SZNHQFS6,CUST_85WZE1YD,CREDIT,266144.05
ACC_DYHCTCZX,CUST_CMGZ8BLG,CURRENT,362875.81
ACC_HBRNTZHI,CUST_2TZSASF4,CREDIT,430261.62
ACC_ZAWJ6ZE0,CUST_O8DMDT84,CURRENT,464509.14
ACC_W147E64Q,CUST_N4BM1FIG,CREDIT,284535.95
ACC_5XATQJ6F,CUST_MWYO4LSI,SAVINGS,1844.91
ACC_E2M05N5A,CUST_TF61TYFX,SAVINGS,155784.2
ACC_NFZK5FPT,CUST_PQVL16BY,SAVINGS,499947.75
ACC_UKECGNLO,CUST_PVUFGK7E,CURRENT,402237.97
ACC_5QCGFRXW,CUST_MX36BPQW,CREDIT,421369.12
ACC_XYBXMJ24,CUST_Z5H07N8D,SAVINGS,86280.66
ACC_YTFKL2KS,CUST_2W1CFLPB,CURRENT,10611.12
ACC_RUUEEM4G,CUST_57OG15AC,CURRENT,165056.66
ACC_4FN6ELUS,CUST_F24GHSI8,CREDIT,249655.11
ACC_SFD8S0NW,CUST_XC3VLBYK,CREDIT,387533.45
ACC_XSDZR80M,CUST_G9TQNSW4,SAVINGS,360296.62
ACC_MB343O73,CUST_0AFVFTDY,SAVINGS,326816.37
ACC_0TGEFZYS,CUST_1YFQTDI9,CURRENT,290009.96
ACC_Z0U8XIYW,CUST_GC4VULHE,SAVINGS,428865.18
ACC_YE1W5PUJ,CUST_VJ61ZJVF,SAVINGS,449311.8
ACC_RWTZLPMD,CUST_E0UZ9R60,SAVINGS,64790.83
ACC_W4PJ550F,CUST_CXU1FRX7,CREDIT,416907.8
ACC_RVIC3CSA,CUST_DQER09UR,CURRENT,365970.05
ACC_ORRND11R,CUST_C9VL1QX4,CURRENT,373135.62
ACC_DKJ5Y6WT,CUST_XEP0NX3O,SAVINGS,334615.68
ACC_UHV5564D,CUST_6XG5I0N3,CREDIT,383531.58
ACC_2DAG8I1D,CUST_P33RQQLX,CREDIT,452475.35
ACC_44HRXLVG,CUST_R809FJQ2,SAVINGS,223799.61
ACC_NI3HN4R9,CUST_NWGENA7F,CURRENT,326775.31
ACC_XX8LD06C,CUST_E7RYGFFA,CURRENT,78766.63
ACC_9H6LR7IP,CUST_2HTTM3XO,CREDIT,284582.6
ACC_BYXV6YCL,CUST_DF249R9H,SAVINGS,409550.78
ACC_VJZQ4AWZ,CUST_RWFJHWDU,CURRENT,472623.12
ACC_HBA7U00E,CUST_ODON72XT,CREDIT,429798.01
ACC_XUURYGRD,CUST_H4QK8U6H,SAVINGS,414330.22
ACC_JKDIVGYK,CUST_CKM6T57Z,SAVINGS,333779.48
ACC_9CO83OXC,CUST_AEQYQ4B6,CREDIT,75395.51
ACC_7YWVQ0SB,CUST_3ZVD53SA,CREDIT,308484.8
ACC_I67OW3JQ,CUST_6FSYVEK1,SAVINGS,168538.39
ACC_YJVZMSNX,CUST_JC09EES8,CURRENT,167782.95
ACC_EKHLQ5GQ,CUST_9HK1K14A,CURRENT,388654.73
ACC_57J0EVRE,CUST_4EL93AQ6,SAVINGS,227052.92
ACC_SLAW3WUM,CUST_739DQ1GD,SAVINGS,337073.25
ACC_L1D6QBCJ,CUST_3PLODW75,CREDIT,445297.41
ACC_A7RM9GPX,CUST_RIKL2B53,CURRENT,134676.54
ACC_Y6AQ0I1G,CUST_XWKB0WQ0,SAVINGS,162566.54
ACC_P7AQ3BDE,CUST_87VH3KPO,SAVINGS,392054.81
ACC_T057UF1J,CUST_U790SGKQ,CURRENT,261682.05
ACC_1N5Y76GY,CUST_XMRFC5CM,CURRENT,267733.66
ACC_51YG1NYD,CUST_FUULMI0E,CURRENT,102937.08
ACC_FCSRN8RJ,CUST_FZTUX75Q,CREDIT,177227.84
ACC_0R729X5X,CUST_V244PHF4,CURRENT,79089.74
ACC_RKUD110X,CUST_2UTZZMNM,CREDIT,314284.38
ACC_ZIFDWHUA,CUST_BEKNUSTJ,SAVINGS,272392.87
ACC_0EM3NTWZ,CUST_XC0LVBTM,SAVINGS,262796.84
ACC_UK8AP4EF,CUST_Q03DF6ZZ,CREDIT,38294.31
ACC_AGOJ8H2N,CUST_S8PV1FD0,CREDIT,362179.36
ACC_PV8PFDAA,CUST_XCWWY9JU,CREDIT,339337.85
ACC_CGBIM80J,CUST_AIB19RWA,CREDIT,165836.65
ACC_TG38R78R,CUST_8T8VAM42,SAVINGS,89076.94
ACC_MZFYBDHG,CUST_ZJV1YS3Y,SAVINGS,278153.03
ACC_ZC1PQ62Q,CUST_II7UC8RZ,CURRENT,208247.69
ACC_BEYSOSE1,CUST_UBUDE5BO,CREDIT,97250.21
ACC_FMI39OD4,CUST_5PYOT7V4,SAVINGS,80582.6
ACC_YHWQEXZC,CUST_AL1QPFYP,CURRENT,393299.48
ACC_I9FH7XYP,CUST_5KF7GE8M,SAVINGS,357603.33
ACC_VUDX0AI2,CUST_TA5X2CYE,SAVINGS,26525.61
ACC_NGIKJCD2,CUST_U5ABKVLB,CREDIT,58558.89
ACC_0UNIQ0L3,CUST_QRP0936J,CREDIT,23442.35
ACC_669G6UIP,CUST_KF62I4HT,CREDIT,294513.07
ACC_CJ2GNMZU,CUST_CWAXKF7M,SAVINGS,407506.88
ACC_RQWQXQ2M,CUST_P6WJIUW1,CREDIT,439289.98
ACC_538KO7GN,CUST_3Q9NY6G5,CREDIT,250218.23
ACC_JXXNFQJ9,CUST_UVDGTQ1L,CURRENT,106654.73
ACC_MT6JW01A,CUST_44MQEKFV,CURRENT,476730.88
ACC_GXL539OX,CUST_ICKNFOJH,CREDIT,143318.46
ACC_3L0W7X5F,CUST_5K5GSDVM,CREDIT,172664.88
ACC_R473Z7JL,CUST_3EPH2CJD,CURRENT,32130.99
ACC_4V5SQ0H2,CUST_Z91W57F7,CREDIT,35584.98
ACC_ONDUH4VP,CUST_X0T29YUU,CURRENT,105222.7
ACC_WONYAXCG,CUST_868O4VQI,SAVINGS,93694.93
ACC_NF0FE53B,CUST_IK7T6LPK,SAVINGS,250973.91
ACC_QIWST8L7,CUST_U8TKYFRG,CREDIT,277918.29
ACC_3VGD8COH,CUST_NUXSXHIX,CREDIT,476850.32
ACC_BBDZP1CN,CUST_H204D2XO,SAVINGS,76054.81
ACC_6SMGSSOD,CUST_61HS2FK5,SAVINGS,324582.63
ACC_BL9WIY5H,CUST_DI0R99KP,CREDIT,473826
ACC_AOVOO6JX,CUST_OE5CNQBI,CREDIT,86114.53
ACC_JLRI1V6X,CUST_FUXRV8C4,SAVINGS,260526
ACC_9VOOI5UZ,CUST_WSI8IPFC,SAVINGS,351081.58
ACC_CPBRXS23,CUST_IHR7UUI3,CURRENT,424484.36
ACC_70SIOOZS,CUST_G6KQ0A1E,CREDIT,382615.94
ACC_YY0XU2F4,CUST_ESZIXR8V,CREDIT,337695.31
ACC_CMJ836UK,CUST_GRNH24N8,SAVINGS,394863.31
ACC_WEIX2GN0,CUST_GBLA4BUQ,CREDIT,49983.07
ACC_D4CN3LIK,CUST_YX8AE4BL,CURRENT,84157.35
ACC_EGF0I90B,CUST_6UQCHVA6,CURRENT,35127.71
ACC_99E8GOG3,CUST_B805JBJY,CURRENT,32664.91
ACC_PFJTJEHU,CUST_JQBF89IU,CURRENT,203965.92
ACC_1M39U403,CUST_P0SA12XP,CREDIT,288814.93
ACC_KWAYDUAE,CUST_TMGIPMAO,CREDIT,304455.51
ACC_ZCJMPUZF,CUST_NJ8LI6HZ,CURRENT,446580.48
ACC_HRWNAXU7,CUST_HFZNKKXD,CURRENT,6592.69
ACC_2CVVG8JG,CUST_4P8TZBSJ,CREDIT,391382.66
ACC_SIXIQOU8,CUST_SC7FS7RF,CREDIT,153964.49
ACC_6IQK88M5,CUST_MK2B6V1B,SAVINGS,149839.47
ACC_AJ8VHRBA,CUST_DSOXUV0G,SAVINGS,138851.78
ACC_E4UIX498,CUST_FO3J2GP5,SAVINGS,14954.57
ACC_TDGF2DNK,CUST_BLBN6P2B,CREDIT,57376.99
ACC_OJ2OP58B,CUST_GC1GPU88,CREDIT,149896.02
ACC_GAW416QR,CUST_4JSPFS7I,CURRENT,148212.51
ACC_3FKICLNC,CUST_I7OSJ8SS,CREDIT,474291.87
ACC_PKI41RC9,CUST_2YRRJ01T,CREDIT,120555.52
ACC_CH3E3W39,CUST_PG5P6C2B,CURRENT,103373.15
ACC_UWU632BC,CUST_EX5NA9ML,SAVINGS,150762.9
ACC_3B21Q8Z7,CUST_HCQMIWIC,CURRENT,348596.43
ACC_S27MVD41,CUST_Z4HD9F7D,CREDIT,72078.18
ACC_VY2B64GQ,CUST_HAGHYHTC,SAVINGS,162535.26
ACC_KOMEWEEB,CUST_DIZV7MD2,CREDIT,426000.28
ACC_0SFHNB37,CUST_Z7OS133D,SAVINGS,342077.93
ACC_9MIRSUVZ,CUST_JG3T2ZFM,CURRENT,186502.47
ACC_9ZU82OMI,CUST_UBD9NLZ7,SAVINGS,133397.15
ACC_3LD5VUKK,CUST_HSCUNSZ3,SAVINGS,452992.88
ACC_0G8ZGRGC,CUST_SUH51SES,SAVINGS,304086.63
ACC_KCLJB6CH,CUST_DXE73FI3,CURRENT,457217.54
ACC_CQDNDVX3,CUST_PW7GOJS4,CREDIT,474482.73
ACC_GVD4XXUJ,CUST_608ZVR8R,CURRENT,368026.39
ACC_80K0FHIS,CUST_0778AK5X,CURRENT,149676.68
ACC_XIMY8OA0,CUST_Q1RW33J8,CURRENT,68504.24
ACC_EE12PK4P,CUST_T3GGF74W,SAVINGS,305053.91
ACC_AANFF82B,CUST_SUW0H75T,CURRENT,361116.58
ACC_IJAD7N52,CUST_F7WQ5V2D,CURRENT,235103.09
ACC_L8YNCFZF,CUST_XJ8UA3N7,CURRENT,446242.95
ACC_SO91FQY2,CUST_I4Y7Y4UY,CURRENT,316210.44
ACC_QSUDJ4D7,CUST_BPB7MJ4I,CURRENT,62846.72
ACC_86GLQWWP,CUST_I7VG35TO,CURRENT,210438.85
ACC_G4D28KAC,CUST_LV7HMU9K,CURRENT,429262.89
ACC_RYJNF2PH,CUST_JS594VLF,CREDIT,36797.92
ACC_Q3L64BYQ,CUST_7DT3EZI1,SAVINGS,270885.03
ACC_1ZRDP7RU,CUST_RTB4G9XJ,SAVINGS,112924.98
ACC_JAZM4A0Z,CUST_IGZVI5RE,CREDIT,91456.56
ACC_VX8DJVEJ,CUST_ZZOCXJMU,CURRENT,239321.93
ACC_N1Q35G76,CUST_MOSQLNFS,CURRENT,491290.64
ACC_SA6NJAEW,CUST_EFL8POJB,CURRENT,451328.95
ACC_M19I6PQH,CUST_RTZVB6DL,CREDIT,235282.51
ACC_Q5YF0EHZ,CUST_S9L746WN,CURRENT,69138.46
ACC_GEPCF57N,CUST_YZBIGMIN,CREDIT,120937.17
ACC_4IQJGRUN,CUST_2D78J51E,CURRENT,232406.42
ACC_HQ8GTNUB,CUST_DFPPNV4Q,CURRENT,291826.88
ACC_EA9AXBQB,CUST_PUS38HYK,SAVINGS,201025.68
ACC_CSD8C977,CUST_WN6F4BVA,CURRENT,83816.66
ACC_3R8QXTIH,CUST_ROI3TRW8,SAVINGS,417226.87
ACC_GXBYKTQI,CUST_06V4ULJ9,SAVINGS,263365.79
ACC_D2FLONUC,CUST_0EWLHM0K,CREDIT,287295.21
ACC_1257D0UB,CUST_QDJ81MK3,CREDIT,243284.87
ACC_8RO12UPU,CUST_4SIDQF8K,CREDIT,296509.58
ACC_FVSNQ7M6,CUST_XON2VGL3,SAVINGS,153925.31
ACC_F6WSF9WE,CUST_WDMMQ983,CURRENT,339426.05
ACC_SGA7AU9U,CUST_8ZC3QKPX,SAVINGS,95438.87
ACC_YRH0OB6S,CUST_KT72DQPS,CREDIT,19721.56
ACC_MJFPZVMK,CUST_RITYIL16,CURRENT,179304.7
ACC_OBJSRPXH,CUST_ZTFVAH55,SAVINGS,445583.29
ACC_E2HA8X67,CUST_OJDXCSHV,CREDIT,164018.44
ACC_5V8E3S9X,CUST_FRUMYJEM,CREDIT,157146.49
ACC_9R45L50S,CUST_PA029ENG,CURRENT,49164.13
ACC_MPW5WQY9,CUST_3X23O3CU,CURRENT,407285.13
ACC_LS5NSM09,CUST_IVH0DETZ,SAVINGS,479067.18
ACC_PN8S9IUC,CUST_XEG5CYF3,CREDIT,423785.59
ACC_JIY97YGL,CUST_DURKBOH2,SAVINGS,480262.97
ACC_J0SIDP6K,CUST_366QQZ42,SAVINGS,469486.24
ACC_E93GNVD6,CUST_2LNLVMYR,SAVINGS,208785.18
ACC_RISC6I70,CUST_P1TCNSRG,CURRENT,449752.88
ACC_J4X867JC,CUST_ZL7EH1TN,CURRENT,11559.37
ACC_EK9TWAAI,CUST_KVSY2J4H,SAVINGS,141788.92
ACC_EE4BI6RQ,CUST_UCTEKOKI,CURRENT,182419.71
ACC_T97WPCZW,CUST_PYYMQEO3,CURRENT,329405.33
ACC_0T478MHS,CUST_ZSAT3478,CREDIT,234494.37
ACC_XXVRXQBO,CUST_5JSAKQMK,SAVINGS,172348.45
ACC_5JD51DXD,CUST_0JPCDJ17,CREDIT,140467.32
ACC_T8LAFZB6,CUST_P5EKOYOP,CURRENT,170451.79
ACC_O9FUURHH,CUST_JP7KORO1,CURRENT,243279.96
ACC_OR9IEJY5,CUST_YEDT32BW,CREDIT,339578.04
ACC_WZMUWU8A,CUST_OH18Q4UU,SAVINGS,63863.42
ACC_FP56GG74,CUST_9GZ4EV3N,CURRENT,158595.29
ACC_NVFIJRII,CUST_SESRAB4E,CREDIT,370839.89
ACC_23AV43LG,CUST_F1Q67M0E,CURRENT,445313.29
ACC_FB76EMXU,CUST_55IKD98G,CREDIT,257339.12
ACC_D6JFP8GI,CUST_ZYRO1CVY,CURRENT,419668.09
ACC_MFORDY36,CUST_662VSWR1,CREDIT,222494.66
ACC_592RIQS3,CUST_BPNHJJSS,CREDIT,183346.35
ACC_ZEAQQX8R,CUST_RTJZ2EK5,SAVINGS,133573.64
ACC_J5PZQV8U,CUST_RBI3OTQU,CURRENT,121350.91
ACC_6LCTCHKH,CUST_KSCDERGW,CURRENT,105614.88
ACC_DNQV56NA,CUST_UPTYCT1K,CREDIT,483402.79
ACC_VFRCSVSF,CUST_DGF0BKGG,SAVINGS,144135.04
ACC_Y3XTY2M7,CUST_VHUZ60Z9,SAVINGS,340325.77
ACC_0ITBMMQD,CUST_7MQCPZWO,CREDIT,389067.34
ACC_L25P5NYM,CUST_C5TMDOGS,SAVINGS,186926.5
ACC_75D8Y9GT,CUST_QOLT6YV2,SAVINGS,40583.13
ACC_Z5NIMV5X,CUST_ZHUIO3VO,CURRENT,345612.34
ACC_894O6JD5,CUST_GCBMRL6K,SAVINGS,375964.94
ACC_5GUR9QEQ,CUST_GMBFC2YP,CREDIT,329360.17
ACC_N3REX167,CUST_CFWYMGLH,SAVINGS,323432.62
ACC_UYYYR9AK,CUST_0DGXQL41,CURRENT,143168.97
ACC_R8GAW9YZ,CUST_01IMTKOI,CURRENT,302916.44
ACC_3D1PBEXK,CUST_8SYAP1YB,CREDIT,245350.76
ACC_L5S3WCC1,CUST_3QWNQMZN,CREDIT,98877.87
ACC_ROII2MS1,CUST_LLNABMCD,CREDIT,181906.76
ACC_1NJTXKW8,CUST_FU4SQKGW,CREDIT,154303.63
ACC_5A66B7QW,CUST_MOKMLD5P,CURRENT,136233.86
ACC_BJ2WIZZI,CUST_B6KTKRZM,CREDIT,463573.67
ACC_7WRE0MT3,CUST_VC00QLO2,SAVINGS,407867.81
ACC_06C5747E,CUST_D6V4YRPI,CURRENT,237212.61
ACC_TJ9IUX21,CUST_VNV5W28T,CURRENT,392741.44
ACC_VFZ8XC4H,CUST_DCIYO82G,CREDIT,440461.87
ACC_92MILFHG,CUST_K9OV7MVX,CREDIT,1199.67
ACC_7XRMGLP9,CUST_GBB6CV7T,SAVINGS,39042.07
ACC_8N7IL6YM,CUST_VWZ2UK1T,CURRENT,142901.5
ACC_1RBRVYKI,CUST_6BTJYDLN,SAVINGS,145978.46
ACC_6DUD0QK7,CUST_0OFE9TIA,CREDIT,213676.63
ACC_EB3XSWTH,CUST_NR4YTW9V,SAVINGS,293341.19
ACC_D6MWRH1O,CUST_VJIWIW4H,CURRENT,153602.43
ACC_A8A8EK4L,CUST_HLAXB7YJ,CURRENT,332703.41
ACC_TY2QQYKJ,CUST_TQIWFEKA,SAVINGS,20353.64
ACC_BBGTIBN9,CUST_UCEUIYK3,CREDIT,419661.47
ACC_LVO8JU08,CUST_DEVM8W01,CURRENT,256612.54
ACC_YW0DK060,CUST_FV3FTU7Y,SAVINGS,168035.21
ACC_5KPYBOQH,CUST_0ET28BQ8,CURRENT,354018.97
ACC_HOUWWUV2,CUST_OLMJDAOJ,SAVINGS,4062.76
ACC_0AKKK9ED,CUST_D7ESUVIF,CURRENT,376752.31
ACC_CI74YU63,CUST_N9JC2LL9,CURRENT,373948.97
ACC_HNERMUHY,CUST_ZZ5ZC898,SAVINGS,271231.1
ACC_D1SCL6PF,CUST_KKCLTZ55,SAVINGS,432583.26
ACC_0OLG7GP6,CUST_IY20B4BN,CREDIT,329882.07
ACC_ESL85VY8,CUST_HM930UQS,CURRENT,322032.12
ACC_OLN0S1K0,CUST_F276SPN8,CREDIT,99368.69
ACC_UNUKQDMS,CUST_XADAT9RM,CURRENT,194318.78
ACC_X0JSX6D8,CUST_ES5KLTPD,SAVINGS,11022.52
ACC_9OMI59CP,CUST_RB5R5R60,CURRENT,430399.05
ACC_YD0KVQHU,CUST_YXAG6NP8,CURRENT,99353.98
ACC_MWOQPMGI,CUST_65MMFR0N,CURRENT,184003.6
ACC_UIAJKHRT,CUST_IVY5YGWC,CURRENT,274061.4
ACC_8L1W810H,CUST_YFH9L6RL,CURRENT,321213.17
ACC_2MBYI4EL,CUST_BR17OBCB,CREDIT,174935.69
ACC_M1CFZ7EL,,SAVINGS,52895.94
ACC_CLBLFPXG,,CREDIT,239913.12
ACC_XUD3NMDE,,CURRENT,61612.19
ACC_2L0P85DO,,CURRENT,188003.1
ACC_ULX9C3IV,,CREDIT,180776.13
ACC_HZ3LESKB,,CREDIT,411459.68
ACC_DS1QMYN1,,SAVINGS,257297.03
ACC_EV9ST63B,,SAVINGS,198188.16
ACC_1SA2IQ91,,CREDIT,244534.53
ACC_J5V2FBZB,,CURRENT,239591.36
ACC_0E45JMU2,,CURRENT,160542.64
ACC_LL4KMB9W,,CURRENT,319073.61
ACC_EHNMK6AX,,SAVINGS,476391.66
ACC_KCIP5AKE,,CREDIT,469393.63
ACC_H6NB83T7,,CURRENT,220139.96
ACC_609DJOLB,,SAVINGS,347149.57
ACC_O1EGU0X4,,CURRENT,130299
ACC_CLQ9E20U,,SAVINGS,62653.75
ACC_JCDCBDB6,,SAVINGS,151822.48
ACC_JHV6QQNY,,CREDIT,47519.05
ACC_HJUD2IJR,,CURRENT,467887.38
ACC_XBPCQN1V,,CURRENT,145588.52
ACC_V9EC3AHR,,CREDIT,481532.19
ACC_RG0COXZC,,CREDIT,292442.77
ACC_EQOB5YGQ,,CURRENT,368539.51
ACC_NJK7YI2A,,CURRENT,193031.76
ACC_U78UHDDW,,CURRENT,137674.59
ACC_Q8X02WD7,,CREDIT,179245.32
ACC_J3RQ6MNM,,SAVINGS,302167.03
ACC_VWJHMV5D,,CREDIT,232171.05
ACC_SL73RGX6,,SAVINGS,246351.6
ACC_C1QHR8SR,,CREDIT,170049.9
ACC_1HTF9YJD,,CURRENT,484275.02
ACC_CR0EQXPW,,CURRENT,212959.46
ACC_RWU9XFHZ,,SAVINGS,456465.51
ACC_WKMFBZ97,,SAVINGS,337369.07
ACC_UWNKX4M1,,CREDIT,11748.02
ACC_N3ITKR0Y,,CURRENT,279165.29
ACC_ALMCV9RH,,CURRENT,214146.52
ACC_S64WF31A,,CURRENT,354446.64
ACC_4F8TQ2MG,,CREDIT,92646.47
ACC_AIM6BJOP,,CREDIT,302652.23
ACC_L1Y2X4IK,,SAVINGS,483104.71
ACC_WE06NQFK,,CREDIT,220600.65
ACC_UVA33L6P,,SAVINGS,425758.43
ACC_L8FWB65D,,CURRENT,243150.73
ACC_ZSSLOKWX,,CREDIT,120197.01
ACC_P5SXCIPW,,CREDIT,230373.74
ACC_JSOAIP2D,,CURRENT,292534.91
ACC_GC1TCS58,,SAVINGS,73555.44
ACC_OCTXBFT6,,CURRENT,340099.2
ACC_I1J5LCL3,,CURRENT,256098.73
ACC_CKMT3LAC,,SAVINGS,38804.43
ACC_9VJLO9MZ,,CREDIT,1167.39
ACC_XFO6RS4L,,CREDIT,17243.89
ACC_RFN0MZX7,,CREDIT,231207.15
ACC_U8A0F6HH,,CURRENT,172755.72
ACC_3SE5YW01,,CREDIT,22009.41
ACC_8MZW9G4Y,,SAVINGS,18562.55
ACC_70CUCN64,,CREDIT,87044.28
ACC_A6JXNHX2,,SAVINGS,415650.24
ACC_TX3THG7W,,CREDIT,9763.93
ACC_OTAEQUHV,,SAVINGS,363311.12
ACC_RFCUHWII,,SAVINGS,489336.87
ACC_U1R4IAIG,,SAVINGS,257068.25
ACC_5DU6RTCQ,,CURRENT,350195.51
ACC_53ZUVGZC,,SAVINGS,457413.08
ACC_84ME9B5Q,,SAVINGS,199933.42
ACC_VGDOVB8E,,CREDIT,117897.18
ACC_FQ6ZIFKH,,CURRENT,309847.19
ACC_8CKO31CA,,CREDIT,44059.59
ACC_PFE66MC4,,CREDIT,326288.7
ACC_HFKI7Y7B,,SAVINGS,484605.99
ACC_76G2AR5I,,CREDIT,76747.22
ACC_NC2HMKOZ,,CREDIT,380137.08
ACC_PYJE1FZ4,,SAVINGS,385322.87
ACC_NJ0H4QTE,,SAVINGS,60013.36
ACC_IEA6AJL2,,SAVINGS,45947.11
ACC_AIIT526R,,CURRENT,205626.47
ACC_RMDJ6O72,,SAVINGS,85553.31
ACC_JLAKLTYW,,CURRENT,451101.23
ACC_IMJ39F7A,,CREDIT,118653.81
ACC_24JE6NIN,,CREDIT,187812.84
ACC_LIYLFSD9,,CREDIT,395864.9
ACC_QPG2IY5E,,CREDIT,334342.36
ACC_2XMQ9A97,,CURRENT,91291.16
ACC_0ZVS9Z81,,SAVINGS,432038.12
ACC_UYJD18R5,,CREDIT,167302.63
ACC_OB0PQ6V4,,CURRENT,357700.51
ACC_21XRT0FT,,CURRENT,400999.06
ACC_8GWYOT4D,,CURRENT,341632.02
ACC_OC067CI0,,CURRENT,304882.29
ACC_8LJEZPY4,,CURRENT,271315.17
ACC_WTQ7QGTH,,CREDIT,14284.67
ACC_4IPXTSB5,,CURRENT,297239.14
ACC_QNEV7TNA,,CURRENT,229577.79
ACC_TQF3J0VA,,CURRENT,284497.68
ACC_35O71S39,,SAVINGS,363402.38
ACC_ZWE8Q4TH,,CREDIT,338713.7
ACC_4MDS7PZM,,CREDIT,226605.64
ACC_F0SCYC9L,,CURRENT,226396.61
ACC_M64FTIJ3,,CREDIT,281158.58
ACC_SFGM2ACF,,SAVINGS,59437.09
ACC_GQ2Q7WXA,,CURRENT,437630.44
ACC_QSK7N8QC,,SAVINGS,400744.64
ACC_RBZP19AK,,SAVINGS,13004.93
ACC_AAUXBN58,,CREDIT,180003.38
ACC_EGKZPKQZ,,SAVINGS,80815.79
ACC_5NBZDYP0,,SAVINGS,202812.51
ACC_8KJ28HRI,,SAVINGS,110851.22
ACC_QKM5A3G2,,SAVINGS,121499.7
ACC_WOFGLFQ9,,CURRENT,73195.2
ACC_X6BLM7Q5,,SAVINGS,301895.31
ACC_GN4AR0EF,,SAVINGS,299539.19
ACC_BGJ9GN1F,,SAVINGS,327641.37
ACC_5FS90PZ3,,SAVINGS,206303.8
ACC_1IW02LXH,,CURRENT,24837.49
ACC_91VS7SD2,,SAVINGS,185670.29
ACC_WV66G25Q,,SAVINGS,292883.23
ACC_RLEDFDB3,,SAVINGS,245389.82
ACC_FN51D5KX,,CURRENT,172008.84
ACC_DM87RVMV,,CURRENT,429271.24
ACC_IT0YGSV7,,SAVINGS,466420.34
ACC_PM90872F,,CURRENT,70235.19
ACC_O1BZG3C5,,CREDIT,457435.67
ACC_APWTT1N0,,CURRENT,234103.09
ACC_3FHGHA2D,,SAVINGS,350608.08
ACC_C7ZO64BS,,CREDIT,11932.79
ACC_YLX2J3NL,,SAVINGS,374103.61
ACC_N4QKG2NN,,CREDIT,73800.42
ACC_JPTH3SJA,,CREDIT,118083.08
ACC_TPXP87OW,,SAVINGS,68791.83
ACC_DVIEYGLC,,CURRENT,155957.62
ACC_1OX90ZNA,,SAVINGS,217499.15
ACC_NV279HAL,,CREDIT,293187.29
ACC_6VZ0MQ9R,,CURRENT,122441.01
ACC_I5FY39QG,,SAVINGS,198942.65
ACC_GZ7H4YVA,,SAVINGS,362658.59
ACC_9PCOTZ62,,CURRENT,495132.51
ACC_RI7NONP4,,CURRENT,356825.77
ACC_VKLO3BB9,,CURRENT,426367.35
ACC_18IY485U,,SAVINGS,89555.98
ACC_LSLSNGUF,,CURRENT,428795.87
ACC_B0KW5SNM,,SAVINGS,43561.32
ACC_YDJN7071,,CURRENT,476524.4
ACC_UGL8TUES,,CREDIT,8998.08
ACC_1OZOZ9VR,,CREDIT,403804.96
ACC_7Q1OYZDG,,CURRENT,456033.07
ACC_JNWDE5RV,,SAVINGS,70985.61
ACC_4FUTZK0Y,,SAVINGS,352888.68
ACC_R3J5Q8DR,,CREDIT,443166.33
ACC_XL50KILB,,SAVINGS,482784.61
ACC_4J5VNPR2,,CREDIT,488980.47
ACC_FPS7RJG3,,CURRENT,382869.32
ACC_DC7LVE37,,CREDIT,422599.02
ACC_3KGHH4TU,,SAVINGS,300146.23
ACC_1VZCBQW5,,SAVINGS,34641.28
ACC_AFWJJEJS,,CREDIT,498565.98
ACC_WFD8GOAZ,,CURRENT,418986.86
ACC_91UDFRMG,,CURRENT,402025.74
ACC_58PD3QBL,,SAVINGS,128349.51
ACC_SI3BEODT,,CREDIT,294436.93
ACC_1WM1XXQ1,,CREDIT,142435.38
ACC_OISL1FKD,,CURRENT,257447.32
ACC_LXWYB9O9,,SAVINGS,346361.42
ACC_SFGI97E8,,CREDIT,356068.68
ACC_D4GE5P77,,SAVINGS,453142.94
ACC_OR5XHE0O,,CURRENT,182246.66
ACC_TOVVJ5MG,,CURRENT,496534.75
ACC_3OIRVDUB,,CURRENT,369712.65
ACC_J85AGM63,,SAVINGS,31155.89
ACC_5EYQ7HO1,,CREDIT,280359.01
ACC_JZO8PYVQ,,SAVINGS,38412.15
ACC_BSDO50X4,,SAVINGS,292320.41
ACC_DJ239242,,SAVINGS,329374.36
ACC_34JZX1RO,,CURRENT,61062.58
ACC_LIEGIDCC,,CURRENT,346812.65
ACC_70TUTCZH,,CURRENT,153289.49
ACC_0OO0THY2,,CURRENT,82474.13
ACC_G46C7ONH,,CREDIT,147900.01
ACC_K2K249SD,,CURRENT,51122.06
ACC_R7DP2R4T,,CURRENT,412823.61
ACC_SVZF01XQ,,SAVINGS,35486.17
ACC_NMRIXKE4,,CURRENT,8322.14
ACC_AYS6JSE9,,CREDIT,440047.96
ACC_Z78PW808,,SAVINGS,451750.99
ACC_R4BM8YNW,,SAVINGS,482423.08
ACC_DA3Y58G5,,CREDIT,328311.83
ACC_SFAGRFUW,,CURRENT,321790.61
ACC_OPZ41YI8,,CREDIT,302214.56
ACC_NWK15JSE,,CURRENT,186818.78
ACC_98RXJ0ZM,,CREDIT,473772.77
ACC_LFO8KJRD,,SAVINGS,23076.65
ACC_Y0LWDSZF,,CURRENT,304428.01
ACC_CCFKUB7B,,CURRENT,450399.02
ACC_COPLKDI2,,SAVINGS,251690.49
ACC_Z3UQJ622,,CURRENT,36931.13
ACC_JFZSVTHB,,SAVINGS,416969.68
ACC_B492WF5I,,SAVINGS,478886.9
ACC_QYP7ADVO,,CREDIT,263342.54
ACC_ML1E3SAY,,CREDIT,338795.22
ACC_8KYGWARG,,CREDIT,472569.45
ACC_ZOE4A36O,,CREDIT,360246.96
ACC_TAOKOCQW,,CURRENT,419542.33
ACC_NA3SVKU5,,CREDIT,117992.84
ACC_LA4Y0OHR,,CURRENT,81708.46
ACC_NGNMXJC4,,CREDIT,151686.37
ACC_V96XNFWS,,SAVINGS,141851.42
ACC_CJBW7PZL,,CURRENT,343429.77
ACC_1N898WZA,,CREDIT,2939.38
ACC_F483YNXM,,CURRENT,437507.5
ACC_OW6N95PA,,CREDIT,11313.39
ACC_33KM3XNQ,,CREDIT,96400.34
ACC_8PJPB79K,,CURRENT,467116.82
ACC_I8ZOO7YC,,SAVINGS,74191.55
ACC_V6C9EW2B,,CURRENT,368243.57
ACC_H79YRVBN,,CURRENT,450457.84
ACC_O0RPPU3V,,SAVINGS,157988.98
ACC_N51EUVJF,,SAVINGS,278891
ACC_SBFQO9Q0,,CURRENT,128676.99
ACC_OIYPD44R,,SAVINGS,372268.4
ACC_ESF3ZYZU,,CREDIT,153563.46
ACC_WMZN5USL,,CREDIT,57034.14
ACC_LFQAQ1KN,,CREDIT,370505.52
ACC_5T77ZDV1,,CURRENT,45798.72
ACC_38K2JF6T,,CREDIT,348139.73
ACC_ODEFL2IL,,CREDIT,183479.15
ACC_WV0P2Y7G,,CURRENT,229978.31
ACC_UWWWU3EL,,CURRENT,496337.96
ACC_IVVMRLXC,,CREDIT,413318.61
ACC_XOM27QBI,,CURRENT,470583.07
ACC_TQWTER21,,CREDIT,152933.25
ACC_HSR5M43T,,CURRENT,264340.09
ACC_JQ72S6CL,,CURRENT,407799.81
ACC_NTHQJYQB,,SAVINGS,62965.74
ACC_43VYCUH9,,CREDIT,8625.01
ACC_VZUP379C,,SAVINGS,453015.36
ACC_V8Q85ANZ,,SAVINGS,259934.94
ACC_5DBJHXXJ,,CURRENT,377180.24
ACC_3QS0DNKZ,,CREDIT,138865.62
ACC_DM5US5FT,,CURRENT,42268.24
ACC_4EFLHUOB,,SAVINGS,15869.11
ACC_PPLXD1XD,,SAVINGS,287945.83
ACC_EZZF3NNB,,SAVINGS,178988.23
ACC_AQV3HDRU,,SAVINGS,63464.75
ACC_JMUWNFGH,,CURRENT,12664.35
ACC_D1UVLS9U,,CURRENT,466187.08
ACC_498BRSKS,,CREDIT,100953.74
ACC_NKR31B6K,,SAVINGS,95595.48
ACC_QUQMPC1M,,SAVINGS,140163.75
ACC_83TOAGFM,,CURRENT,103678.63
ACC_HJ2V4U1S,,CREDIT,252684.56
ACC_EP3F5MBY,,SAVINGS,47886.21
ACC_QXCWRC1F,,CURRENT,179785.49
ACC_0NXC95SR,,CURRENT,138814.44
ACC_YHGMWG0W,,CURRENT,326244.43
ACC_GMAUE8DN,,SAVINGS,424336.23
ACC_SP7YHOCD,,SAVINGS,359227.26
ACC_IDZOL0IT,,CURRENT,137472.85
ACC_MVYERLRB,,CREDIT,307261.76
ACC_A3SX0KET,,CURRENT,155264.82
ACC_Q1K57X6U,,SAVINGS,488322.52
ACC_QNC63WXA,,SAVINGS,473094.85
ACC_VCIXXJAJ,,CREDIT,190492.68
ACC_L94LYDL5,,CREDIT,279826.5
ACC_317ECU7A,,CURRENT,220164.56
ACC_Y1IBWVLP,,CREDIT,132995.86
ACC_FV99P56N,,CREDIT,64329.03
ACC_ESB1PBPU,,CREDIT,357824.44
ACC_PCZUJAUW,,CURRENT,250156.89
ACC_7L9K5WZ8,,SAVINGS,456101.59
ACC_IV39CM4W,,SAVINGS,277275.54
ACC_2B7VZMUA,,CURRENT,151407.97
ACC_9VDZN97L,,CURRENT,266066.15
ACC_2NZOBM0J,,SAVINGS,52497.61
ACC_Y5P81CC7,,CREDIT,19899.23
ACC_C2B6LZ4R,,SAVINGS,281263.61
ACC_B4YHW7DK,,CURRENT,467356.65
ACC_UE5B1YS1,,CURRENT,391530.21
ACC_EL282K38,,SAVINGS,250016.82
ACC_0L6HW1VR,,SAVINGS,311212.87
ACC_0DFX4VBO,,CREDIT,50474.15
ACC_WHISPUHN,,CREDIT,207707.9
ACC_CCDGSKYC,,CREDIT,100086.32
ACC_C0ZE9CPO,,CURRENT,446032.79
ACC_5UU8HPRR,,CREDIT,486830.58
ACC_XPS5UDFS,,SAVINGS,478332.52
ACC_R3UR0T14,,CURRENT,31497.31
ACC_V3NZFSUW,,CURRENT,498389.33
ACC_27UXE7FU,,SAVINGS,95797.73
ACC_20N9GG18,,CURRENT,273587.09
ACC_2IRVBONK,,CURRENT,110613.52
ACC_YLV5RGWI,,CURRENT,392404.16
ACC_4SDJQQ2T,,CURRENT,195178.2
ACC_CEJ52233,,SAVINGS,308005.27
ACC_OQG6JSNX,,CURRENT,380846.01
ACC_SA299KKH,,CURRENT,28701.53
ACC_MQWI3D7V,,SAVINGS,366949.75
ACC_LFEAEHWY,,CREDIT,482539.86
ACC_CG0Y52H9,,CREDIT,307786.21
ACC_4P0E8O9W,,SAVINGS,169080.06
ACC_T5H22IPI,,SAVINGS,155723.38
ACC_QNZ4BUQE,,CURRENT,98844.16
ACC_A335RNWG,,SAVINGS,13851.23
ACC_LS9P8V5S,,CURRENT,486563.71
ACC_IQTPLM0Z,,SAVINGS,82878.55
ACC_PJH6KKCG,,CREDIT,330189.81
ACC_EJLHYJBU,,CREDIT,351155.2
ACC_T61LA0XJ,,SAVINGS,393730.85
ACC_2BHT6NQK,,CURRENT,196573.95
ACC_L0ATODZI,,CREDIT,114383.88
ACC_5P1EH8YU,,SAVINGS,333503.96
ACC_W53COKMT,,CURRENT,306172.04
ACC_XVWYL2PA,,CURRENT,479290.23
ACC_WEL64RO0,,CREDIT,367662.4
ACC_KZOOEGA7,,CREDIT,296474.28
ACC_JVZFJHBZ,,CURRENT,298292.91
ACC_29LMFPJ0,,CURRENT,182744.06
ACC_2DOA7CCI,,CREDIT,447149.73
ACC_599NXGB2,,SAVINGS,461797.03
ACC_IMKDSRNO,,CREDIT,181046.2
ACC_SA2QID87,,CURRENT,263036.95
ACC_8RB9H1GO,,CURRENT,474970.54
ACC_CTX55FVP,,SAVINGS,325058.94
ACC_SXZLQYVR,,CREDIT,94453.34
ACC_YD980QI1,,CREDIT,259081.77
ACC_DXAXCEAN,,CREDIT,378358.75
ACC_M8DQUNK1,,SAVINGS,341680.18
ACC_O3SQ9OOG,,SAVINGS,204925.21
ACC_D8MZFT61,,SAVINGS,244841.53
ACC_5KXGB3DA,,CURRENT,164216.98
ACC_83DYGM90,,CREDIT,223965.94
ACC_WMCJQING,,SAVINGS,223757.26
ACC_OL5PYCYG,,SAVINGS,44611.36
ACC_108BWUMM,,CURRENT,488701.76
ACC_DSZU3UU4,,CURRENT,464052.44
ACC_JN55E64W,,CREDIT,260903.93
ACC_NZEXDEWE,,SAVINGS,468326.81
ACC_5RA1387K,,CREDIT,159139.38
ACC_6AQOMF24,,CREDIT,235822.33
ACC_WPDK5NII,,CURRENT,126628.28
ACC_9403605O,,CURRENT,27529.22
ACC_ZO4FQ1DK,,CURRENT,330339.68
ACC_6NEQL3W3,,CURRENT,314593.36
ACC_2AHK1WRL,,CURRENT,44291.09
ACC_L759XK6B,,CREDIT,77655.78
ACC_UGB76HJZ,,CURRENT,416943.19
ACC_CHVH8GQ7,,CURRENT,140859.2
ACC_D2KPAXE2,,SAVINGS,187176.37
ACC_8V516SSA,,SAVINGS,84012.11
ACC_2O64X16Y,,CURRENT,368584.23
ACC_RZGHRS32,,CURRENT,26850.92
ACC_KZJVGG1X,,CREDIT,101736.89
ACC_RVOEJR4U,,SAVINGS,323128.68
ACC_X37QHI2Q,,CURRENT,200117.29
ACC_HCLZ40W5,,CURRENT,297131.72
ACC_QD25LU94,,CURRENT,274478.83
ACC_81O47GZM,,CREDIT,445135.17
ACC_RL034O9J,,CREDIT,450048.05
ACC_BMTI5NO7,,CURRENT,177102.39
ACC_7980WSWJ,,CURRENT,220473.72
ACC_WZMB7FDA,,CREDIT,147754.26
ACC_I7DUYOLU,,SAVINGS,71571.58
ACC_YLDAXU2D,,SAVINGS,319649.56
ACC_60N56O80,,SAVINGS,435781.8
ACC_09UT5LS9,,CURRENT,204524.3
ACC_KRRXS077,,CURRENT,383467.31
ACC_K0G08SER,,CREDIT,13031.79
ACC_YPMN8TTI,,CREDIT,198903.93
ACC_1OZNMBYI,,CURRENT,423118.15
ACC_P6YLXQJX,,CURRENT,42337.33
ACC_870NFJAQ,,SAVINGS,335286.74
ACC_HFBR06NQ,,SAVINGS,102663.58
ACC_NLPSA5CZ,,SAVINGS,324728.6
ACC_RNGB6UFQ,,CURRENT,458522.36
ACC_ZMMOKLAT,,CREDIT,212383.4
ACC_53772S71,,CREDIT,273923.54
ACC_Y1S2DYHU,,CURRENT,350649.62
ACC_BJKNE76S,,SAVINGS,360451.89
ACC_6IT1F751,,CURRENT,440424.53
ACC_3A6M6HK2,,CREDIT,473597.78
ACC_08DKV0L2,,CREDIT,351398
ACC_J5D7QNYU,,SAVINGS,166834.31
ACC_HQ9A71PM,,SAVINGS,53543.97
ACC_I0ZV2IJO,,CURRENT,29233.6
ACC_GB1TOJXV,,SAVINGS,342906.47
ACC_HJDXF681,,SAVINGS,265037.03
ACC_N2FRORVB,,SAVINGS,226881.28
ACC_UG0OC1RO,,CURRENT,107616.52
ACC_ERXB2RRE,,CURRENT,477762.5
ACC_DEK6DX2T,,SAVINGS,332255.02
ACC_WMGLP6IL,,CURRENT,283024.35
ACC_8WF19BPR,,CURRENT,322946.75
ACC_VBYNR5AU,,CREDIT,450446.32
ACC_A31835TC,,SAVINGS,12157.55
ACC_I7B0N65V,,CREDIT,435200.94
ACC_C2EHCXG1,,SAVINGS,263452.6
ACC_VZFLJL62,,CREDIT,361456.45
ACC_U6XUCB1K,,CREDIT,491265.65
ACC_OVJ9OM0O,,SAVINGS,62289.8
